batch,loss,accuracy
1,130.405,0.000
2,60.305,0.008
3,36.966,0.000
4,22.343,0.004
5,15.896,0.000
6,12.547,0.000
7,10.245,0.000
8,8.458,0.000
9,7.727,0.008
10,7.767,0.004
11,7.153,0.008
12,6.930,0.004
13,6.713,0.008
14,6.771,0.008
15,6.640,0.012
16,6.617,0.008
17,6.503,0.004
18,6.507,0.004
19,6.489,0.004
20,6.384,0.023
21,6.391,0.004
22,6.261,0.020
23,6.230,0.004
24,6.291,0.008
25,6.298,0.008
26,6.210,0.000
27,6.107,0.004
28,6.039,0.008
29,6.079,0.000
30,6.004,0.008
31,6.000,0.000
32,5.836,0.004
33,5.899,0.016
34,5.906,0.008
35,5.760,0.008
36,5.757,0.000
37,5.671,0.000
38,5.661,0.016
39,5.588,0.023
40,5.625,0.016
41,5.743,0.008
42,5.608,0.000
43,5.517,0.016
44,5.535,0.012
45,5.537,0.004
46,5.615,0.000
47,5.543,0.004
48,5.547,0.004
49,5.488,0.023
50,5.494,0.004
51,5.428,0.012
52,5.605,0.000
53,5.468,0.008
54,5.465,0.012
55,5.422,0.008
56,5.348,0.004
57,5.403,0.027
58,5.319,0.008
59,5.340,0.012
60,5.432,0.020
61,5.512,0.000
62,5.201,0.020
63,5.337,0.020
64,5.453,0.008
65,5.299,0.004
66,5.410,0.008
67,5.280,0.004
68,5.266,0.023
69,5.321,0.008
70,5.396,0.020
71,5.277,0.012
72,5.307,0.008
73,5.274,0.031
74,5.229,0.020
75,5.241,0.027
76,5.284,0.035
77,5.349,0.020
78,5.351,0.023
79,5.272,0.016
80,5.270,0.016
81,5.275,0.016
82,5.274,0.016
83,5.291,0.012
84,5.341,0.008
85,5.217,0.012
86,5.252,0.008
87,5.196,0.027
88,5.250,0.016
89,5.193,0.008
90,5.132,0.008
91,5.297,0.012
92,5.164,0.012
93,5.165,0.043
94,5.240,0.020
95,5.167,0.016
96,5.242,0.031
97,5.238,0.023
98,5.191,0.016
99,5.185,0.027
100,5.211,0.016
101,5.222,0.023
102,5.158,0.016
103,5.253,0.008
104,5.303,0.020
105,5.229,0.016
106,5.373,0.008
107,5.250,0.016
108,5.120,0.004
109,5.199,0.012
110,5.254,0.012
111,5.216,0.031
112,5.183,0.016
113,5.105,0.027
114,5.270,0.012
115,5.079,0.016
116,5.170,0.023
117,5.268,0.020
118,5.159,0.023
119,5.099,0.027
120,5.221,0.039
121,5.109,0.023
122,5.100,0.035
123,5.137,0.012
124,5.305,0.027
125,5.142,0.012
126,5.171,0.012
127,5.195,0.012
128,5.078,0.039
129,5.122,0.031
130,5.109,0.020
131,5.144,0.023
132,5.109,0.020
133,5.141,0.047
134,5.223,0.027
135,5.176,0.043
136,5.131,0.016
137,5.043,0.035
138,5.108,0.035
139,5.043,0.047
140,5.118,0.020
141,5.027,0.035
142,5.160,0.043
143,5.207,0.020
144,5.057,0.020
145,5.139,0.035
146,5.065,0.027
147,5.161,0.012
148,4.917,0.031
149,5.055,0.027
150,5.104,0.027
151,5.034,0.035
152,5.107,0.027
153,5.078,0.039
154,5.154,0.027
155,5.064,0.027
156,5.140,0.016
157,5.035,0.035
158,5.080,0.023
159,5.133,0.035
160,5.025,0.012
161,5.127,0.031
162,5.200,0.016
163,5.221,0.031
164,5.087,0.020
165,5.149,0.031
166,5.150,0.020
167,5.156,0.020
168,5.021,0.023
169,5.133,0.047
170,5.119,0.035
171,4.985,0.047
172,5.238,0.012
173,5.134,0.012
174,5.096,0.027
175,5.047,0.031
176,5.129,0.023
177,5.144,0.027
178,5.098,0.016
179,5.055,0.051
180,5.056,0.012
181,5.085,0.039
182,5.121,0.012
183,5.136,0.027
184,5.173,0.031
185,5.003,0.039
186,5.130,0.020
187,4.973,0.051
188,5.158,0.020
189,5.172,0.023
190,4.961,0.031
191,5.119,0.031
192,4.997,0.051
193,5.190,0.012
194,5.079,0.020
195,5.132,0.016
196,5.064,0.027
197,5.122,0.027
198,5.161,0.039
199,4.983,0.035
200,5.075,0.035
201,4.959,0.039
202,5.105,0.055
203,5.003,0.016
204,5.051,0.035
205,4.911,0.047
206,5.087,0.047
207,5.095,0.023
208,5.054,0.039
209,5.156,0.035
210,5.131,0.031
211,5.025,0.016
212,5.030,0.059
213,5.064,0.027
214,4.977,0.043
215,5.088,0.035
216,5.041,0.020
217,5.087,0.035
218,5.044,0.035
219,5.082,0.023
220,5.076,0.039
221,5.113,0.062
222,5.166,0.020
223,5.050,0.020
224,5.102,0.031
225,5.047,0.035
226,5.067,0.043
227,5.183,0.020
228,4.966,0.039
229,4.993,0.023
230,4.934,0.051
231,4.955,0.035
232,4.985,0.051
233,5.018,0.039
234,4.957,0.043
235,4.983,0.062
236,5.094,0.023
237,5.265,0.023
238,5.066,0.016
239,5.216,0.035
240,5.209,0.039
241,5.046,0.027
242,5.122,0.027
243,5.057,0.047
244,5.222,0.039
245,5.043,0.047
246,5.024,0.031
247,5.060,0.066
248,5.054,0.031
249,4.995,0.027
250,4.931,0.027
251,5.274,0.031
252,5.112,0.055
253,5.142,0.047
254,5.144,0.039
255,4.983,0.082
256,4.975,0.043
257,5.196,0.027
258,5.052,0.035
259,5.148,0.035
260,5.108,0.055
261,5.153,0.039
262,5.134,0.023
263,5.036,0.066
264,5.065,0.043
265,5.151,0.031
266,5.182,0.039
267,5.087,0.059
268,4.926,0.047
269,5.063,0.039
270,5.055,0.027
271,5.218,0.027
272,5.067,0.027
273,5.082,0.043
274,4.998,0.031
275,5.141,0.020
276,5.158,0.012
277,4.989,0.070
278,5.038,0.047
279,5.016,0.055
280,5.049,0.027
281,5.190,0.020
282,5.122,0.035
283,4.978,0.039
284,4.858,0.039
285,5.163,0.039
286,4.851,0.055
287,5.154,0.035
288,4.995,0.059
289,5.013,0.031
290,5.194,0.027
291,5.202,0.031
292,5.066,0.039
293,5.101,0.035
294,5.098,0.035
295,4.963,0.043
296,5.172,0.070
297,5.221,0.043
298,5.180,0.035
299,5.001,0.020
300,4.955,0.039
301,5.038,0.023
302,4.963,0.059
303,5.097,0.027
304,5.041,0.047
305,5.235,0.047
306,5.077,0.043
307,5.040,0.035
308,5.214,0.031
309,4.957,0.027
310,5.106,0.043
311,5.077,0.051
312,5.225,0.027
313,5.013,0.055
314,5.016,0.043
315,5.211,0.039
316,5.151,0.031
317,5.011,0.027
318,5.025,0.051
319,5.045,0.047
320,5.095,0.039
321,4.886,0.066
322,4.964,0.043
323,5.018,0.047
324,5.153,0.062
325,5.022,0.043
326,5.059,0.047
327,5.093,0.066
328,4.999,0.051
329,5.213,0.027
330,4.943,0.043
331,5.025,0.035
332,5.081,0.039
333,5.082,0.035
334,5.014,0.043
335,5.123,0.051
336,5.063,0.047
337,5.181,0.035
338,5.018,0.047
339,5.012,0.047
340,5.035,0.027
341,4.882,0.043
342,5.199,0.023
343,5.071,0.043
344,4.973,0.043
345,5.128,0.055
346,4.972,0.035
347,5.124,0.047
348,5.005,0.039
349,5.268,0.020
350,5.125,0.039
351,5.071,0.051
352,4.962,0.074
353,4.971,0.070
354,5.060,0.051
355,5.167,0.031
356,5.121,0.027
357,5.229,0.051
358,4.942,0.059
359,5.189,0.020
360,5.139,0.039
361,4.970,0.023
362,4.994,0.055
363,5.043,0.039
364,5.112,0.047
365,4.848,0.070
366,5.226,0.043
367,5.039,0.051
368,5.101,0.035
369,5.029,0.043
370,5.154,0.043
371,5.016,0.074
372,4.962,0.027
373,4.984,0.047
374,5.046,0.016
375,5.124,0.039
376,5.078,0.070
377,4.996,0.074
378,5.130,0.047
379,4.914,0.062
380,5.143,0.031
381,4.987,0.031
382,5.081,0.047
383,5.085,0.062
384,4.981,0.039
385,5.106,0.035
386,4.886,0.074
387,5.132,0.031
388,4.907,0.047
389,4.895,0.066
390,4.979,0.059
391,5.016,0.039
392,5.079,0.051
393,4.913,0.055
394,5.013,0.047
395,5.087,0.043
396,5.028,0.051
397,5.006,0.020
398,4.981,0.047
399,5.085,0.031
400,4.947,0.059
401,4.821,0.086
402,5.140,0.059
403,5.015,0.070
404,4.994,0.059
405,4.950,0.059
406,4.959,0.047
407,5.046,0.059
408,4.954,0.070
409,5.006,0.043
410,4.891,0.055
411,5.058,0.035
412,5.005,0.043
413,4.983,0.066
414,5.030,0.027
415,5.074,0.039
416,4.997,0.051
417,4.950,0.074
418,5.019,0.043
419,4.949,0.059
420,4.974,0.062
421,5.005,0.055
422,4.864,0.039
423,4.962,0.055
424,5.008,0.047
425,4.891,0.051
426,5.112,0.039
427,4.947,0.051
428,5.112,0.055
429,5.104,0.051
430,4.881,0.039
431,4.967,0.039
432,4.784,0.051
433,4.942,0.059
434,4.924,0.051
435,5.173,0.043
436,5.124,0.047
437,5.009,0.062
438,5.153,0.043
439,4.893,0.070
440,5.049,0.070
441,5.011,0.062
442,5.057,0.035
443,5.006,0.055
444,5.251,0.031
445,5.029,0.055
446,5.008,0.055
447,5.076,0.047
448,5.148,0.039
449,4.964,0.039
450,5.177,0.047
451,5.081,0.027
452,4.997,0.055
453,5.174,0.039
454,4.948,0.070
455,4.904,0.043
456,5.087,0.055
457,4.990,0.062
458,4.932,0.051
459,5.072,0.051
460,4.948,0.047
461,4.981,0.062
462,4.999,0.043
463,4.993,0.066
464,4.940,0.051
465,5.098,0.043
466,4.971,0.051
467,5.038,0.059
468,4.993,0.047
469,4.956,0.055
470,5.249,0.027
471,5.074,0.047
472,4.990,0.051
473,5.036,0.062
474,5.130,0.074
475,5.030,0.031
476,4.993,0.043
477,5.045,0.066
478,5.014,0.043
479,4.991,0.031
480,5.261,0.039
481,5.032,0.035
482,4.969,0.066
483,4.933,0.047
484,5.202,0.027
485,4.998,0.074
486,5.035,0.043
487,5.095,0.043
488,5.112,0.020
489,5.069,0.043
490,5.007,0.027
491,4.916,0.055
492,5.035,0.055
493,5.132,0.055
494,5.142,0.039
495,5.132,0.051
496,5.276,0.062
497,5.025,0.047
498,5.042,0.035
499,5.051,0.051
500,5.097,0.062
501,4.980,0.043
502,4.891,0.062
503,5.042,0.047
504,4.965,0.055
505,4.948,0.070
506,5.060,0.070
507,5.020,0.031
508,5.024,0.070
509,4.965,0.062
510,5.113,0.047
511,5.069,0.027
512,5.012,0.055
513,5.035,0.043
514,4.987,0.059
515,5.247,0.023
516,5.003,0.059
517,4.905,0.059
518,5.070,0.035
519,4.994,0.051
520,5.192,0.059
521,4.933,0.047
522,5.229,0.062
523,5.091,0.031
524,5.039,0.055
525,5.233,0.051
526,5.081,0.074
527,5.176,0.051
528,5.118,0.043
529,5.291,0.066
530,5.176,0.020
531,5.181,0.020
532,5.246,0.023
533,4.960,0.051
534,5.405,0.031
535,5.057,0.023
536,5.039,0.031
537,5.033,0.062
538,5.232,0.023
539,5.059,0.062
540,5.182,0.043
541,5.226,0.016
542,4.795,0.062
543,5.156,0.023
544,5.090,0.074
545,5.163,0.035
546,5.165,0.031
547,5.241,0.059
548,5.153,0.043
549,5.158,0.051
550,4.968,0.066
551,4.994,0.070
552,5.153,0.070
553,5.215,0.043
554,4.991,0.066
555,5.298,0.043
556,5.215,0.062
557,5.212,0.020
558,5.191,0.027
559,5.295,0.051
560,5.183,0.043
561,5.149,0.043
562,5.007,0.066
563,5.020,0.047
564,4.987,0.055
565,5.023,0.062
566,5.043,0.043
567,5.046,0.039
568,5.040,0.047
569,5.113,0.055
570,5.068,0.035
571,5.010,0.082
572,4.858,0.047
573,5.153,0.051
574,5.014,0.047
575,5.161,0.059
576,5.139,0.039
577,5.136,0.035
578,5.075,0.039
579,5.216,0.051
580,4.982,0.102
581,5.073,0.062
582,4.991,0.066
583,4.928,0.078
584,5.006,0.051
585,4.981,0.086
586,4.995,0.066
587,5.098,0.059
588,5.098,0.070
589,5.221,0.035
590,5.084,0.078
591,5.063,0.066
592,5.087,0.027
593,4.979,0.066
594,5.010,0.047
595,5.117,0.047
596,4.965,0.086
597,5.039,0.066
598,4.997,0.059
599,4.920,0.070
600,5.010,0.070
601,5.053,0.031
602,4.970,0.059
603,4.959,0.078
604,4.993,0.098
605,5.010,0.055
606,5.132,0.047
607,5.059,0.059
608,5.033,0.047
609,5.062,0.039
610,5.219,0.062
611,5.228,0.043
612,5.096,0.035
613,5.094,0.047
614,5.074,0.062
615,4.966,0.055
616,4.870,0.039
617,5.212,0.062
618,5.316,0.059
619,4.968,0.066
620,5.019,0.078
621,5.030,0.043
622,5.183,0.027
623,5.122,0.043
624,5.172,0.051
625,4.998,0.043
626,5.072,0.035
627,5.169,0.047
628,5.157,0.047
629,5.103,0.051
630,5.186,0.051
631,5.316,0.027
632,5.067,0.059
633,5.052,0.039
634,5.195,0.043
635,5.173,0.066
636,4.993,0.090
637,5.080,0.059
638,5.054,0.059
639,5.147,0.059
640,5.162,0.035
641,5.215,0.051
642,4.999,0.098
643,5.069,0.055
644,5.103,0.059
645,5.069,0.051
646,5.009,0.086
647,5.069,0.051
648,5.089,0.059
649,5.144,0.035
650,5.043,0.047
651,5.047,0.051
652,5.417,0.027
653,5.044,0.066
654,5.204,0.027
655,5.079,0.062
656,4.921,0.074
657,5.008,0.051
658,5.161,0.086
659,5.006,0.051
660,5.100,0.062
661,5.195,0.086
662,5.162,0.051
663,4.988,0.074
664,5.131,0.023
665,5.176,0.062
666,4.929,0.066
667,5.185,0.059
668,4.944,0.066
669,5.127,0.059
670,4.970,0.086
671,5.108,0.035
672,4.895,0.082
673,4.864,0.059
674,5.154,0.055
675,4.981,0.066
676,5.087,0.059
677,4.931,0.039
678,5.136,0.043
679,4.958,0.078
680,5.110,0.043
681,4.928,0.109
682,4.990,0.078
683,5.004,0.074
684,4.971,0.086
685,5.245,0.039
686,5.062,0.047
687,5.133,0.051
688,5.095,0.074
689,5.068,0.043
690,5.047,0.062
691,5.060,0.070
692,5.071,0.090
693,5.126,0.051
694,5.179,0.066
695,4.976,0.070
696,5.088,0.078
697,5.175,0.070
698,5.020,0.074
699,5.154,0.055
700,4.891,0.047
701,5.210,0.047
702,5.191,0.066
703,5.135,0.074
704,4.989,0.078
705,5.003,0.078
706,5.290,0.047
707,5.080,0.051
708,5.193,0.051
709,5.243,0.055
710,5.247,0.047
711,4.974,0.078
712,5.346,0.051
713,5.286,0.043
714,5.034,0.078
715,5.195,0.062
716,4.988,0.074
717,5.312,0.051
718,5.093,0.066
719,5.140,0.078
720,5.285,0.031
721,4.958,0.094
722,5.162,0.074
723,5.084,0.055
724,5.059,0.047
725,5.162,0.074
726,5.065,0.039
727,5.198,0.035
728,5.108,0.039
729,4.997,0.035
730,5.339,0.023
731,5.071,0.066
732,5.178,0.047
733,5.098,0.055
734,5.186,0.039
735,4.914,0.070
736,5.220,0.066
737,5.147,0.062
738,5.081,0.066
739,5.050,0.055
740,5.032,0.051
741,5.306,0.047
742,5.099,0.074
743,4.989,0.055
744,5.185,0.035
745,5.201,0.039
746,4.987,0.059
747,5.235,0.031
748,5.291,0.035
749,5.119,0.043
750,5.035,0.051
751,5.150,0.055
752,5.028,0.078
753,4.943,0.105
754,4.924,0.082
755,5.031,0.098
756,5.111,0.055
757,5.173,0.059
758,4.922,0.086
759,5.222,0.078
760,5.071,0.059
761,5.064,0.043
762,5.167,0.055
763,5.113,0.070
764,5.169,0.039
765,5.016,0.066
766,5.083,0.051
767,4.918,0.074
768,4.955,0.070
769,5.137,0.035
770,4.973,0.078
771,4.935,0.051
772,5.051,0.035
773,5.156,0.059
774,5.168,0.051
775,5.210,0.051
776,4.966,0.062
777,5.134,0.070
778,5.076,0.062
779,5.262,0.051
780,5.282,0.035
781,4.900,0.086
782,5.079,0.082
783,4.957,0.082
784,4.957,0.059
785,5.120,0.059
786,5.236,0.051
787,5.037,0.074
788,5.108,0.059
789,4.958,0.074
790,5.092,0.066
791,4.951,0.055
792,5.008,0.078
793,4.997,0.078
794,4.967,0.074
795,5.010,0.070
796,5.215,0.055
797,5.150,0.051
798,5.022,0.082
799,4.974,0.066
800,5.238,0.051
801,5.056,0.062
802,5.008,0.055
803,5.040,0.051
804,5.009,0.070
805,5.215,0.031
806,5.001,0.062
807,5.047,0.074
808,5.188,0.055
809,4.963,0.086
810,5.138,0.043
811,5.117,0.090
812,5.144,0.051
813,5.141,0.074
814,4.984,0.082
815,5.025,0.059
816,5.002,0.078
817,5.078,0.074
818,4.967,0.074
819,5.063,0.059
820,5.059,0.059
821,5.014,0.062
822,5.266,0.027
823,5.194,0.066
824,5.210,0.066
825,5.178,0.062
826,5.213,0.035
827,5.148,0.051
828,5.236,0.059
829,5.163,0.078
830,5.204,0.039
831,4.987,0.070
832,5.061,0.059
833,4.951,0.062
834,4.995,0.051
835,5.042,0.066
836,5.012,0.066
837,5.218,0.047
838,5.059,0.062
839,5.029,0.074
840,5.102,0.055
841,4.981,0.062
842,4.853,0.074
843,5.060,0.074
844,4.954,0.059
845,4.942,0.055
846,5.104,0.047
847,5.083,0.059
848,5.135,0.113
849,4.989,0.047
850,5.018,0.082
851,5.143,0.051
852,5.133,0.035
853,4.959,0.074
854,5.253,0.047
855,5.193,0.066
856,4.945,0.059
857,5.041,0.062
858,5.199,0.066
859,5.137,0.059
860,5.043,0.047
861,5.259,0.051
862,4.879,0.070
863,4.924,0.078
864,5.097,0.066
865,5.187,0.039
866,5.067,0.070
867,5.054,0.051
868,5.217,0.047
869,5.033,0.082
870,5.243,0.066
871,5.265,0.047
872,5.397,0.047
873,4.963,0.051
874,4.944,0.082
875,5.148,0.047
876,5.159,0.070
877,5.017,0.066
878,5.150,0.051
879,4.952,0.070
880,5.289,0.074
881,4.963,0.078
882,5.086,0.051
883,5.085,0.055
884,5.040,0.070
885,4.994,0.074
886,5.058,0.090
887,5.003,0.090
888,5.405,0.043
889,5.208,0.027
890,5.074,0.078
891,4.941,0.090
892,5.219,0.113
893,5.117,0.047
894,5.190,0.082
895,5.164,0.074
896,5.024,0.066
897,5.506,0.051
898,5.022,0.074
899,4.958,0.090
900,5.156,0.055
901,5.180,0.055
902,5.114,0.066
903,5.063,0.082
904,5.227,0.070
905,5.046,0.086
906,5.238,0.066
907,4.996,0.086
908,4.981,0.086
909,4.951,0.086
910,5.091,0.055
911,5.025,0.082
912,5.189,0.066
913,5.169,0.066
914,4.975,0.066
915,5.184,0.055
916,5.166,0.082
917,5.155,0.078
918,5.216,0.062
919,5.126,0.043
920,5.167,0.062
921,5.352,0.047
922,5.067,0.105
923,5.086,0.047
924,5.058,0.047
925,5.108,0.082
926,5.099,0.066
927,5.132,0.047
928,5.102,0.066
929,5.203,0.066
930,5.291,0.074
931,5.198,0.043
932,5.089,0.059
933,5.141,0.055
934,5.110,0.059
935,4.979,0.055
936,5.103,0.074
937,4.916,0.098
938,5.224,0.047
939,5.177,0.047
940,5.157,0.055
941,5.005,0.062
942,5.064,0.094
943,5.154,0.062
944,5.149,0.086
945,5.074,0.105
946,5.031,0.062
947,5.042,0.078
948,5.042,0.047
949,4.790,0.090
950,5.127,0.066
951,5.102,0.062
952,4.914,0.039
953,5.039,0.066
954,5.220,0.062
955,5.186,0.078
956,5.181,0.051
957,5.012,0.086
958,5.170,0.062
959,5.015,0.094
960,5.104,0.074
961,5.081,0.066
962,4.997,0.082
963,5.093,0.031
964,5.225,0.066
965,5.018,0.062
966,4.931,0.086
967,5.330,0.055
968,5.230,0.062
969,5.172,0.059
970,5.049,0.059
971,4.833,0.066
972,5.029,0.078
973,5.131,0.062
974,4.841,0.090
975,5.112,0.043
976,4.983,0.086
977,5.082,0.078
978,5.007,0.066
979,5.144,0.059
980,5.097,0.055
981,5.308,0.070
982,5.173,0.062
983,5.101,0.082
984,5.102,0.062
985,5.210,0.055
986,5.017,0.082
987,5.047,0.043
988,4.928,0.082
989,5.152,0.070
990,4.953,0.070
991,4.967,0.090
992,5.054,0.066
993,5.191,0.059
994,5.156,0.055
995,5.061,0.074
996,5.119,0.055
997,5.083,0.070
998,5.071,0.039
999,5.053,0.059
1000,5.193,0.070
1001,5.011,0.086
1002,5.095,0.066
1003,5.158,0.051
1004,5.165,0.039
1005,5.197,0.066
1006,5.259,0.023
1007,5.164,0.094
1008,5.242,0.082
1009,5.097,0.078
1010,4.878,0.070
1011,5.074,0.062
1012,5.039,0.082
1013,4.963,0.082
1014,5.066,0.078
1015,5.197,0.043
1016,4.985,0.070
1017,4.944,0.121
1018,5.386,0.094
1019,4.949,0.074
1020,5.075,0.102
1021,5.240,0.078
1022,5.065,0.078
1023,4.990,0.062
1024,5.072,0.086
1025,5.033,0.078
1026,5.199,0.074
1027,5.393,0.066
1028,4.963,0.066
1029,5.194,0.043
1030,5.091,0.059
1031,5.365,0.043
1032,5.204,0.078
1033,5.094,0.059
1034,5.339,0.059
1035,5.039,0.078
1036,5.352,0.066
1037,5.117,0.070
1038,4.971,0.070
1039,5.077,0.059
1040,5.197,0.070
1041,5.330,0.059
1042,5.011,0.074
1043,4.988,0.090
1044,5.209,0.078
1045,5.134,0.059
1046,5.003,0.066
1047,5.064,0.070
1048,5.349,0.039
1049,5.016,0.117
1050,4.967,0.074
1051,5.042,0.055
1052,4.998,0.086
1053,5.354,0.055
1054,4.924,0.082
1055,5.232,0.059
1056,5.152,0.055
1057,5.075,0.070
1058,5.184,0.074
1059,5.168,0.066
1060,4.992,0.098
1061,5.098,0.059
1062,5.064,0.086
1063,5.169,0.066
1064,4.995,0.082
1065,5.064,0.078
1066,5.276,0.059
1067,5.116,0.062
1068,5.012,0.078
1069,5.000,0.090
1070,5.238,0.039
1071,5.341,0.055
1072,5.033,0.074
1073,5.027,0.074
1074,5.134,0.055
1075,5.085,0.062
1076,5.241,0.074
1077,4.944,0.078
1078,5.040,0.086
1079,4.988,0.074
1080,4.847,0.090
1081,5.097,0.066
1082,5.368,0.062
1083,4.912,0.062
1084,4.894,0.078
1085,5.028,0.078
1086,5.100,0.078
1087,5.045,0.070
1088,5.296,0.055
1089,5.115,0.066
1090,5.335,0.055
1091,5.071,0.062
1092,5.093,0.078
1093,5.108,0.078
1094,5.055,0.070
1095,5.210,0.039
1096,5.192,0.090
1097,5.303,0.066
1098,5.111,0.090
1099,5.019,0.070
1100,5.006,0.059
1101,4.853,0.059
1102,5.107,0.074
1103,5.105,0.082
1104,5.084,0.062
1105,4.993,0.086
1106,4.945,0.078
1107,4.886,0.078
1108,4.941,0.055
1109,5.078,0.078
1110,4.882,0.082
1111,5.111,0.078
1112,4.784,0.082
1113,5.189,0.043
1114,5.068,0.059
1115,5.294,0.070
1116,5.270,0.055
1117,4.929,0.094
1118,5.168,0.082
1119,4.982,0.055
1120,5.163,0.051
1121,4.958,0.062
1122,5.252,0.074
1123,5.083,0.078
1124,5.106,0.074
1125,5.163,0.078
1126,4.981,0.094
1127,5.162,0.059
1128,5.055,0.062
1129,5.079,0.082
1130,5.147,0.074
1131,5.043,0.070
1132,5.033,0.078
1133,4.924,0.082
1134,5.394,0.035
1135,4.946,0.055
1136,5.037,0.078
1137,5.142,0.066
1138,4.970,0.090
1139,5.085,0.090
1140,5.018,0.090
1141,5.115,0.066
1142,5.002,0.062
1143,4.904,0.070
1144,4.999,0.039
1145,4.787,0.113
1146,4.865,0.082
1147,5.008,0.055
1148,5.105,0.059
1149,5.220,0.109
1150,5.139,0.074
1151,5.251,0.043
1152,4.953,0.051
1153,4.882,0.055
1154,5.027,0.074
1155,5.193,0.059
1156,4.896,0.125
1157,4.895,0.078
1158,5.052,0.070
1159,5.114,0.055
1160,5.212,0.078
1161,5.124,0.043
1162,5.209,0.066
1163,5.082,0.070
1164,5.118,0.070
1165,5.091,0.074
1166,4.889,0.078
1167,4.934,0.074
1168,5.105,0.047
1169,5.254,0.051
1170,5.335,0.062
1171,5.147,0.062
1172,5.210,0.086
1173,5.259,0.051
1174,5.266,0.059
1175,5.245,0.043
1176,5.252,0.066
1177,4.981,0.086
1178,5.149,0.074
1179,5.165,0.062
1180,5.179,0.043
1181,5.064,0.055
1182,5.050,0.117
1183,5.027,0.074
1184,5.116,0.062
1185,5.087,0.062
1186,5.137,0.062
1187,5.119,0.043
1188,5.060,0.059
1189,5.184,0.074
1190,5.231,0.039
1191,5.123,0.047
1192,4.998,0.082
1193,4.993,0.066
1194,4.933,0.098
1195,5.005,0.074
1196,5.480,0.051
1197,5.148,0.078
1198,4.914,0.105
1199,4.924,0.086
1200,5.192,0.078
1201,4.881,0.082
1202,5.115,0.078
1203,4.964,0.055
1204,5.077,0.078
1205,4.767,0.078
1206,4.872,0.082
1207,5.151,0.082
1208,5.151,0.094
1209,5.069,0.055
1210,5.144,0.070
1211,5.292,0.082
1212,4.994,0.047
1213,4.959,0.059
1214,5.248,0.055
1215,4.953,0.059
1216,5.088,0.094
1217,4.899,0.109
1218,5.330,0.090
1219,5.068,0.086
1220,5.169,0.070
1221,5.126,0.066
1222,4.975,0.070
1223,4.979,0.066
1224,5.009,0.066
1225,5.102,0.055
1226,4.920,0.078
1227,5.248,0.082
1228,5.160,0.070
1229,4.725,0.102
1230,4.975,0.082
1231,5.006,0.051
1232,5.000,0.109
1233,5.338,0.051
1234,4.885,0.090
1235,5.148,0.062
1236,5.187,0.098
1237,5.040,0.055
1238,5.211,0.066
1239,5.113,0.082
1240,5.361,0.066
1241,5.230,0.082
1242,5.205,0.055
1243,5.169,0.047
1244,4.955,0.098
1245,5.001,0.082
1246,5.222,0.074
1247,5.208,0.074
1248,4.994,0.086
1249,5.282,0.090
1250,5.237,0.070
1251,5.050,0.082
1252,5.264,0.082
1253,5.068,0.082
1254,5.026,0.109
1255,5.293,0.082
1256,4.964,0.090
1257,5.042,0.117
1258,5.359,0.047
1259,4.941,0.090
1260,5.041,0.082
1261,5.170,0.137
1262,5.150,0.066
1263,5.012,0.059
1264,5.154,0.051
1265,4.971,0.074
1266,5.199,0.070
1267,5.001,0.070
1268,5.121,0.062
1269,4.986,0.074
1270,4.935,0.043
1271,5.040,0.070
1272,5.049,0.094
1273,5.055,0.082
1274,5.086,0.059
1275,5.030,0.062
1276,5.114,0.066
1277,4.962,0.070
1278,5.043,0.078
1279,5.017,0.082
1280,5.220,0.094
1281,5.160,0.070
1282,5.056,0.098
1283,5.187,0.051
1284,4.860,0.074
1285,5.024,0.062
1286,5.060,0.094
1287,5.135,0.113
1288,5.110,0.074
1289,5.380,0.066
1290,5.024,0.098
1291,4.925,0.078
1292,5.155,0.078
1293,5.056,0.082
1294,4.910,0.086
1295,5.067,0.090
1296,4.954,0.086
1297,5.171,0.090
1298,4.949,0.082
1299,5.134,0.078
1300,5.197,0.074
1301,5.017,0.078
1302,4.987,0.066
1303,5.054,0.109
1304,5.099,0.094
1305,5.019,0.098
1306,4.997,0.117
1307,5.137,0.059
1308,5.000,0.070
1309,4.911,0.066
1310,4.895,0.090
1311,5.046,0.086
1312,4.858,0.098
1313,4.815,0.078
1314,4.899,0.133
1315,4.933,0.109
1316,4.954,0.078
1317,5.183,0.047
1318,5.118,0.078
1319,5.000,0.086
1320,4.974,0.062
1321,5.019,0.098
1322,5.126,0.055
1323,4.879,0.109
1324,4.858,0.105
1325,5.211,0.043
1326,5.140,0.078
1327,4.725,0.098
1328,5.484,0.031
1329,5.076,0.074
1330,5.090,0.047
1331,4.915,0.059
1332,5.067,0.047
1333,4.957,0.105
1334,4.989,0.090
1335,5.034,0.082
1336,4.923,0.125
1337,4.956,0.086
1338,4.805,0.090
1339,5.092,0.098
1340,4.993,0.074
1341,4.937,0.109
1342,4.978,0.090
1343,4.952,0.062
1344,5.050,0.086
1345,5.004,0.062
1346,5.046,0.094
1347,4.940,0.094
1348,5.225,0.098
1349,4.966,0.078
1350,4.888,0.066
1351,5.184,0.078
1352,5.042,0.062
1353,4.915,0.082
1354,5.137,0.062
1355,4.880,0.082
1356,4.922,0.094
1357,4.991,0.082
1358,5.077,0.074
1359,5.043,0.074
1360,5.106,0.070
1361,5.079,0.090
1362,5.097,0.094
1363,4.785,0.129
1364,4.938,0.086
1365,5.029,0.094
1366,5.002,0.074
1367,4.968,0.074
1368,4.902,0.113
1369,4.751,0.098
1370,4.856,0.082
1371,5.009,0.102
1372,4.890,0.090
1373,4.832,0.102
1374,5.285,0.078
1375,5.081,0.086
1376,4.814,0.117
1377,4.894,0.082
1378,5.041,0.086
1379,5.083,0.117
1380,4.807,0.078
1381,5.124,0.070
1382,4.990,0.086
1383,4.799,0.117
1384,5.013,0.090
1385,4.950,0.094
1386,5.105,0.105
1387,5.204,0.094
1388,5.017,0.133
1389,4.849,0.062
1390,4.931,0.039
1391,4.979,0.082
1392,5.170,0.086
1393,5.062,0.062
1394,5.098,0.102
1395,5.141,0.086
1396,5.011,0.066
1397,5.094,0.082
1398,5.126,0.082
1399,5.127,0.066
1400,5.081,0.102
1401,5.113,0.066
1402,5.074,0.086
1403,5.037,0.086
1404,5.043,0.086
1405,4.979,0.098
1406,4.806,0.086
1407,4.932,0.098
1408,5.166,0.086
1409,5.108,0.070
1410,4.914,0.074
1411,4.821,0.090
1412,4.981,0.102
1413,4.914,0.094
1414,5.098,0.070
1415,5.257,0.047
1416,4.981,0.105
1417,5.118,0.105
1418,4.977,0.074
1419,4.997,0.090
1420,4.960,0.066
1421,5.169,0.078
1422,5.112,0.074
1423,4.955,0.117
1424,4.948,0.059
1425,4.835,0.125
1426,4.862,0.074
1427,5.442,0.059
1428,4.954,0.098
1429,5.104,0.043
1430,5.130,0.043
1431,5.106,0.055
1432,5.273,0.070
1433,4.925,0.117
1434,4.919,0.070
1435,5.009,0.098
1436,5.281,0.074
1437,5.049,0.086
1438,5.022,0.086
1439,4.770,0.098
1440,5.140,0.066
1441,5.015,0.094
1442,5.100,0.055
1443,4.998,0.082
1444,4.844,0.098
1445,5.117,0.078
1446,4.773,0.145
1447,4.742,0.098
1448,4.716,0.117
1449,4.955,0.082
1450,5.199,0.066
1451,5.047,0.082
1452,4.944,0.102
1453,4.927,0.125
1454,4.838,0.102
1455,5.005,0.082
1456,4.848,0.117
1457,4.927,0.047
1458,4.845,0.090
1459,5.022,0.082
1460,4.981,0.117
1461,4.952,0.109
1462,4.878,0.094
1463,5.157,0.102
1464,4.928,0.109
1465,5.003,0.086
1466,5.081,0.090
1467,4.884,0.094
1468,5.016,0.117
1469,5.040,0.082
1470,4.875,0.137
1471,5.260,0.102
1472,5.090,0.094
1473,5.252,0.090
1474,4.945,0.102
1475,5.174,0.105
1476,5.036,0.094
1477,4.892,0.078
1478,5.115,0.090
1479,5.044,0.105
1480,4.920,0.105
1481,5.214,0.082
1482,4.975,0.090
1483,4.974,0.109
1484,5.112,0.070
1485,5.017,0.098
1486,4.956,0.086
1487,5.029,0.082
1488,4.916,0.094
1489,5.118,0.070
1490,4.917,0.105
1491,5.111,0.133
1492,5.114,0.078
1493,5.126,0.109
1494,5.225,0.082
1495,5.075,0.098
1496,5.130,0.070
1497,5.145,0.090
1498,5.211,0.078
1499,5.136,0.055
1500,5.092,0.074
1501,5.189,0.098
1502,5.126,0.062
1503,5.025,0.078
1504,5.168,0.086
1505,5.262,0.094
1506,5.024,0.082
1507,4.869,0.082
1508,5.022,0.102
1509,5.054,0.066
1510,5.193,0.121
1511,5.121,0.070
1512,4.933,0.113
1513,4.954,0.090
1514,4.952,0.082
1515,4.948,0.086
1516,5.390,0.105
1517,4.787,0.141
1518,5.139,0.086
1519,5.126,0.105
1520,4.838,0.109
1521,4.968,0.078
1522,4.917,0.102
1523,4.896,0.070
1524,5.119,0.078
1525,5.122,0.098
1526,5.244,0.090
1527,5.170,0.090
1528,4.849,0.117
1529,4.925,0.133
1530,4.977,0.137
1531,5.014,0.082
1532,5.357,0.098
1533,5.080,0.062
1534,4.904,0.121
1535,5.103,0.082
1536,4.988,0.102
1537,5.101,0.102
1538,4.871,0.121
1539,5.008,0.082
1540,4.966,0.078
1541,5.330,0.074
1542,4.941,0.094
1543,5.268,0.059
1544,5.059,0.098
1545,5.296,0.051
1546,4.989,0.102
1547,5.282,0.086
1548,5.161,0.113
1549,4.876,0.090
1550,4.983,0.109
1551,4.853,0.113
1552,5.138,0.062
1553,5.124,0.090
1554,4.826,0.090
1555,5.002,0.082
1556,4.902,0.129
1557,5.515,0.062
1558,5.202,0.066
1559,5.117,0.109
1560,5.130,0.066
1561,5.208,0.086
1562,5.304,0.078
1563,5.001,0.109
1564,4.910,0.098
1565,5.043,0.082
1566,5.257,0.090
1567,5.062,0.113
1568,5.007,0.070
1569,5.296,0.082
1570,5.027,0.078
1571,5.013,0.105
1572,4.950,0.109
1573,5.102,0.102
1574,5.093,0.074
1575,5.000,0.066
1576,4.977,0.070
1577,5.227,0.066
1578,4.795,0.074
1579,4.921,0.062
1580,5.004,0.125
1581,5.091,0.074
1582,5.040,0.062
1583,5.025,0.105
1584,4.808,0.121
1585,4.960,0.113
1586,4.904,0.098
1587,4.935,0.098
1588,4.755,0.145
1589,4.969,0.109
1590,4.929,0.117
1591,4.832,0.098
1592,5.219,0.094
1593,4.825,0.109
1594,5.049,0.090
1595,4.973,0.086
1596,4.953,0.086
1597,5.113,0.066
1598,4.911,0.133
1599,4.743,0.113
1600,4.913,0.121
1601,4.881,0.113
1602,5.031,0.113
1603,5.288,0.062
1604,5.115,0.082
1605,5.036,0.102
1606,5.011,0.070
1607,4.953,0.133
1608,4.902,0.117
1609,4.978,0.098
1610,4.886,0.105
1611,4.826,0.102
1612,4.969,0.129
1613,5.062,0.074
1614,4.934,0.113
1615,5.125,0.078
1616,4.857,0.117
1617,5.010,0.086
1618,5.163,0.086
1619,4.863,0.133
1620,5.252,0.105
1621,4.842,0.105
1622,4.923,0.109
1623,4.957,0.094
1624,5.005,0.141
1625,4.941,0.117
1626,5.206,0.090
1627,4.810,0.117
1628,5.032,0.078
1629,5.043,0.102
1630,5.062,0.074
1631,4.898,0.129
1632,5.166,0.090
1633,4.693,0.133
1634,4.838,0.133
1635,4.975,0.062
1636,5.002,0.082
1637,5.448,0.078
1638,4.959,0.098
1639,4.916,0.086
1640,5.008,0.086
1641,4.859,0.117
1642,4.978,0.121
1643,4.812,0.129
1644,4.846,0.125
1645,4.972,0.098
1646,4.898,0.090
1647,4.900,0.129
1648,5.006,0.098
1649,4.899,0.102
1650,4.885,0.094
1651,4.890,0.090
1652,4.852,0.090
1653,4.962,0.086
1654,4.622,0.121
1655,4.830,0.137
1656,4.880,0.137
1657,4.831,0.125
1658,5.061,0.105
1659,4.778,0.109
1660,5.043,0.066
1661,4.925,0.109
1662,4.966,0.109
1663,4.916,0.125
1664,4.845,0.133
1665,5.238,0.066
1666,5.158,0.102
1667,4.898,0.086
1668,4.918,0.086
1669,5.154,0.082
1670,4.875,0.121
1671,4.779,0.105
1672,4.965,0.098
1673,4.877,0.117
1674,5.028,0.086
1675,4.994,0.105
1676,4.999,0.094
1677,5.113,0.055
1678,4.968,0.113
1679,5.026,0.117
1680,5.113,0.082
1681,4.862,0.113
1682,5.106,0.086
1683,4.927,0.070
1684,5.116,0.070
1685,5.108,0.102
1686,4.918,0.160
1687,4.962,0.090
1688,4.900,0.102
1689,4.814,0.098
1690,4.922,0.105
1691,5.092,0.094
1692,5.020,0.078
1693,4.935,0.109
1694,4.978,0.109
1695,4.843,0.102
1696,4.932,0.102
1697,4.763,0.109
1698,5.096,0.078
1699,5.131,0.094
1700,5.198,0.109
1701,4.948,0.109
1702,4.859,0.129
1703,4.945,0.086
1704,5.003,0.094
1705,4.855,0.129
1706,4.844,0.133
1707,4.793,0.113
1708,4.962,0.121
1709,5.131,0.094
1710,4.916,0.098
1711,5.030,0.102
1712,5.215,0.055
1713,4.787,0.109
1714,4.870,0.086
1715,4.960,0.102
1716,4.847,0.117
1717,5.054,0.082
1718,4.964,0.113
1719,5.011,0.105
1720,5.196,0.082
1721,5.275,0.105
1722,5.100,0.086
1723,5.039,0.105
1724,4.858,0.078
1725,5.006,0.105
1726,4.915,0.121
1727,5.098,0.090
1728,4.805,0.125
1729,5.076,0.109
1730,4.833,0.078
1731,5.129,0.074
1732,4.891,0.102
1733,5.116,0.055
1734,4.746,0.105
1735,4.639,0.148
1736,4.818,0.125
1737,5.152,0.070
1738,5.074,0.105
1739,5.014,0.094
1740,5.056,0.094
1741,4.820,0.102
1742,4.799,0.094
1743,4.818,0.121
1744,4.686,0.133
1745,4.968,0.152
1746,4.858,0.125
1747,5.014,0.129
1748,4.989,0.105
1749,4.771,0.117
1750,4.835,0.125
1751,5.077,0.105
1752,4.867,0.129
1753,4.847,0.102
1754,4.960,0.090
1755,4.826,0.094
1756,5.016,0.117
1757,4.636,0.113
1758,4.874,0.121
1759,4.852,0.102
1760,4.985,0.121
1761,5.019,0.082
1762,4.999,0.082
1763,4.839,0.125
1764,5.034,0.055
1765,4.986,0.137
1766,5.042,0.125
1767,5.088,0.102
1768,4.817,0.125
1769,5.084,0.090
1770,4.979,0.094
1771,5.120,0.105
1772,4.935,0.090
1773,4.845,0.109
1774,4.918,0.133
1775,4.891,0.094
1776,5.152,0.109
1777,4.974,0.137
1778,5.072,0.105
1779,4.975,0.102
1780,5.201,0.094
1781,5.020,0.117
1782,5.219,0.094
1783,4.746,0.121
1784,4.786,0.137
1785,4.858,0.094
1786,4.916,0.117
1787,4.840,0.133
1788,5.081,0.098
1789,5.161,0.074
1790,5.026,0.109
1791,4.952,0.090
1792,5.021,0.102
1793,4.781,0.180
1794,4.680,0.148
1795,4.879,0.137
1796,5.093,0.125
1797,4.794,0.129
1798,5.066,0.090
1799,5.091,0.113
1800,4.876,0.129
1801,4.916,0.125
1802,4.931,0.117
1803,4.981,0.109
1804,5.318,0.062
1805,4.919,0.086
1806,5.101,0.117
1807,4.780,0.125
1808,5.119,0.070
1809,4.837,0.090
1810,4.875,0.121
1811,4.857,0.105
1812,4.991,0.133
1813,5.053,0.121
1814,5.108,0.094
1815,4.919,0.105
1816,4.940,0.078
1817,4.797,0.133
1818,5.121,0.125
1819,5.273,0.082
1820,5.100,0.086
1821,5.073,0.125
1822,5.161,0.094
1823,4.899,0.105
1824,5.051,0.094
1825,4.961,0.094
1826,4.913,0.141
1827,5.280,0.059
1828,4.944,0.141
1829,5.061,0.121
1830,4.885,0.090
1831,5.029,0.113
1832,4.987,0.082
1833,5.121,0.070
1834,5.170,0.098
1835,4.938,0.117
1836,5.033,0.090
1837,5.266,0.113
1838,4.770,0.117
1839,5.070,0.082
1840,5.177,0.070
1841,5.142,0.113
1842,5.046,0.117
1843,5.094,0.094
1844,4.888,0.113
1845,5.089,0.078
1846,4.804,0.090
1847,5.070,0.086
1848,4.975,0.090
1849,4.843,0.160
1850,5.091,0.102
1851,4.917,0.102
1852,5.277,0.086
1853,4.997,0.113
1854,4.880,0.129
1855,4.814,0.160
1856,5.144,0.109
1857,4.785,0.125
1858,4.911,0.098
1859,5.036,0.102
1860,4.964,0.105
1861,5.004,0.086
1862,4.824,0.117
1863,4.886,0.105
1864,5.066,0.086
1865,4.823,0.113
1866,5.156,0.102
1867,4.896,0.137
1868,4.882,0.105
1869,4.974,0.098
1870,5.077,0.074
1871,4.910,0.117
1872,5.055,0.098
1873,5.050,0.094
1874,4.830,0.133
1875,4.795,0.129
1876,4.990,0.129
1877,4.973,0.094
1878,4.905,0.109
1879,4.992,0.102
1880,5.227,0.109
1881,4.947,0.125
1882,4.906,0.117
1883,5.028,0.102
1884,4.743,0.117
1885,5.046,0.121
1886,4.941,0.117
1887,4.977,0.133
1888,4.889,0.117
1889,5.021,0.102
1890,4.861,0.105
1891,4.892,0.133
1892,4.982,0.086
1893,5.042,0.098
1894,4.777,0.148
1895,4.763,0.129
1896,5.122,0.133
1897,4.843,0.121
1898,4.878,0.156
1899,5.055,0.117
1900,4.850,0.105
1901,5.021,0.105
1902,5.426,0.109
1903,4.993,0.141
1904,5.078,0.102
1905,5.049,0.117
1906,5.081,0.133
1907,4.799,0.109
1908,5.034,0.102
1909,4.908,0.102
1910,4.951,0.094
1911,5.075,0.109
1912,5.073,0.113
1913,5.089,0.105
1914,4.916,0.117
1915,4.669,0.141
1916,5.028,0.109
1917,4.950,0.086
1918,5.080,0.094
1919,5.057,0.090
1920,4.794,0.109
1921,4.821,0.113
1922,4.911,0.113
1923,5.232,0.105
1924,5.247,0.109
1925,4.669,0.148
1926,5.165,0.121
1927,4.908,0.133
1928,5.074,0.121
1929,5.063,0.094
1930,4.983,0.102
1931,4.863,0.121
1932,5.020,0.102
1933,5.072,0.113
1934,5.011,0.109
1935,5.078,0.113
1936,5.130,0.078
1937,5.229,0.102
1938,4.822,0.117
1939,5.094,0.098
1940,4.931,0.109
1941,4.957,0.066
1942,5.149,0.078
1943,5.073,0.094
1944,5.085,0.129
1945,5.052,0.152
1946,4.993,0.105
1947,4.931,0.094
1948,5.012,0.098
1949,4.847,0.094
1950,4.967,0.113
1951,5.093,0.082
1952,4.912,0.102
1953,4.821,0.137
1954,4.745,0.102
1955,4.994,0.094
1956,4.823,0.121
1957,5.123,0.078
1958,5.153,0.094
1959,5.072,0.117
1960,4.993,0.125
1961,4.940,0.090
1962,4.943,0.109
1963,4.655,0.137
1964,4.980,0.109
1965,5.002,0.109
1966,5.037,0.109
1967,4.929,0.133
1968,4.908,0.090
1969,4.772,0.125
1970,4.995,0.125
1971,4.890,0.102
1972,4.858,0.125
1973,4.863,0.117
1974,5.181,0.105
1975,4.958,0.090
1976,5.208,0.105
1977,4.997,0.098
1978,5.119,0.098
1979,4.848,0.098
1980,4.775,0.121
1981,5.049,0.105
1982,4.943,0.125
1983,4.926,0.094
1984,4.718,0.168
1985,4.966,0.121
1986,5.096,0.105
1987,5.083,0.102
1988,4.918,0.148
1989,4.774,0.113
1990,5.064,0.141
1991,4.987,0.117
1992,5.191,0.117
1993,5.073,0.113
1994,4.960,0.113
1995,5.119,0.109
1996,4.907,0.098
1997,4.850,0.133
1998,5.136,0.098
1999,5.166,0.094
2000,4.984,0.109
2001,4.908,0.109
2002,5.144,0.086
2003,4.828,0.133
2004,5.156,0.074
2005,5.054,0.082
2006,4.774,0.125
2007,4.906,0.113
2008,5.007,0.098
2009,5.135,0.105
2010,4.855,0.102
2011,4.799,0.117
2012,4.962,0.113
2013,5.038,0.105
2014,4.903,0.113
2015,4.882,0.086
2016,4.780,0.109
2017,4.878,0.137
2018,4.985,0.094
2019,5.175,0.062
2020,4.864,0.125
2021,4.850,0.121
2022,5.114,0.090
2023,4.779,0.109
2024,4.742,0.105
2025,4.880,0.105
2026,4.670,0.129
2027,4.843,0.129
2028,4.898,0.129
2029,5.092,0.102
2030,4.782,0.133
2031,5.012,0.082
2032,5.328,0.090
2033,4.825,0.121
2034,4.910,0.105
2035,4.923,0.117
2036,5.429,0.086
2037,4.913,0.090
2038,5.072,0.109
2039,4.816,0.109
2040,4.911,0.102
2041,4.869,0.129
2042,4.670,0.141
2043,5.138,0.086
2044,4.958,0.168
2045,4.986,0.121
2046,4.857,0.117
2047,5.072,0.113
2048,4.903,0.156
2049,4.943,0.109
2050,4.786,0.133
2051,5.033,0.102
2052,5.015,0.125
2053,4.811,0.137
2054,4.916,0.129
2055,4.881,0.098
2056,4.939,0.117
2057,4.977,0.082
2058,4.944,0.121
2059,4.980,0.102
2060,4.763,0.141
2061,4.998,0.125
2062,4.825,0.137
2063,4.997,0.105
2064,4.927,0.113
2065,5.071,0.109
2066,5.022,0.109
2067,4.771,0.125
2068,4.945,0.117
2069,4.710,0.117
2070,4.995,0.078
2071,5.010,0.094
2072,4.859,0.113
2073,5.076,0.094
2074,4.927,0.117
2075,4.803,0.129
2076,4.976,0.102
2077,4.705,0.133
2078,5.044,0.121
2079,4.985,0.102
2080,4.887,0.109
2081,5.054,0.113
2082,4.866,0.098
2083,5.168,0.098
2084,5.112,0.098
2085,4.981,0.105
2086,5.004,0.129
2087,4.896,0.109
2088,4.910,0.125
2089,4.901,0.145
2090,4.994,0.133
2091,4.779,0.125
2092,4.672,0.160
2093,4.988,0.137
2094,5.059,0.109
2095,4.837,0.090
2096,5.014,0.133
2097,4.902,0.102
2098,4.810,0.129
2099,4.989,0.105
2100,4.897,0.125
2101,5.264,0.094
2102,4.918,0.156
2103,5.213,0.090
2104,4.936,0.098
2105,5.032,0.129
2106,4.753,0.121
2107,4.771,0.148
2108,4.890,0.113
2109,4.939,0.137
2110,5.103,0.133
2111,5.203,0.094
2112,4.815,0.129
2113,4.872,0.152
2114,5.097,0.090
2115,5.153,0.082
2116,4.938,0.105
2117,5.214,0.102
2118,4.716,0.113
2119,5.081,0.109
2120,4.780,0.148
2121,5.033,0.121
2122,5.135,0.102
2123,5.067,0.105
2124,4.798,0.121
2125,4.965,0.117
2126,4.856,0.129
2127,4.926,0.098
2128,4.895,0.125
2129,4.912,0.098
2130,4.976,0.105
2131,5.102,0.094
2132,4.824,0.137
2133,5.057,0.102
2134,5.013,0.113
2135,4.932,0.113
2136,5.311,0.062
2137,4.975,0.102
2138,4.829,0.105
2139,5.329,0.090
2140,4.843,0.129
2141,4.996,0.113
2142,4.841,0.109
2143,5.115,0.082
2144,4.985,0.105
2145,5.141,0.105
2146,4.996,0.098
2147,5.114,0.102
2148,5.012,0.098
2149,5.253,0.098
2150,4.658,0.164
2151,4.742,0.125
2152,5.132,0.152
2153,5.047,0.094
2154,4.729,0.125
2155,5.179,0.086
2156,4.802,0.129
2157,4.945,0.102
2158,4.601,0.125
2159,5.140,0.086
2160,5.005,0.082
2161,4.783,0.125
2162,4.921,0.156
2163,4.796,0.141
2164,4.887,0.098
2165,5.018,0.086
2166,4.841,0.129
2167,4.905,0.113
2168,4.974,0.105
2169,4.929,0.156
2170,4.884,0.090
2171,4.805,0.098
2172,4.735,0.152
2173,5.039,0.090
2174,4.693,0.125
2175,4.934,0.113
2176,4.916,0.113
2177,4.935,0.125
2178,4.987,0.133
2179,4.878,0.109
2180,4.889,0.121
2181,4.780,0.152
2182,4.910,0.090
2183,5.135,0.090
2184,4.799,0.141
2185,4.799,0.109
2186,4.992,0.102
2187,4.610,0.152
2188,4.973,0.117
2189,4.935,0.113
2190,5.157,0.098
2191,4.827,0.129
2192,4.855,0.094
2193,5.024,0.074
2194,4.809,0.117
2195,5.165,0.125
2196,5.011,0.109
2197,5.030,0.113
2198,5.015,0.086
2199,4.868,0.129
2200,4.887,0.133
2201,4.959,0.121
2202,5.064,0.109
2203,5.057,0.117
2204,4.756,0.125
2205,4.586,0.117
2206,5.140,0.102
2207,5.042,0.133
2208,4.937,0.117
2209,5.101,0.059
2210,5.015,0.102
2211,4.904,0.125
2212,5.131,0.102
2213,5.117,0.129
2214,4.780,0.137
2215,4.747,0.129
2216,4.786,0.117
2217,5.232,0.141
2218,5.347,0.094
2219,5.056,0.121
2220,4.984,0.109
2221,5.163,0.121
2222,4.860,0.133
2223,5.076,0.078
2224,4.817,0.125
2225,4.741,0.137
2226,4.881,0.160
2227,5.082,0.098
2228,4.906,0.113
2229,5.198,0.090
2230,5.058,0.102
2231,4.924,0.082
2232,5.123,0.105
2233,4.964,0.125
2234,4.812,0.117
2235,4.814,0.148
2236,5.010,0.105
2237,4.477,0.195
2238,4.938,0.125
2239,5.069,0.102
2240,4.969,0.125
2241,5.018,0.086
2242,5.110,0.121
2243,5.178,0.121
2244,5.035,0.121
2245,4.994,0.094
2246,4.891,0.090
2247,5.095,0.098
2248,5.121,0.133
2249,4.770,0.129
2250,4.605,0.148
2251,4.982,0.125
2252,4.862,0.113
2253,5.119,0.098
2254,5.009,0.113
2255,4.926,0.156
2256,4.893,0.125
2257,4.771,0.133
2258,4.930,0.113
2259,4.995,0.102
2260,5.087,0.098
2261,4.706,0.133
2262,5.155,0.121
2263,5.191,0.094
2264,5.185,0.086
2265,5.088,0.098
2266,4.980,0.105
2267,4.829,0.105
2268,5.482,0.066
2269,4.794,0.129
2270,4.915,0.117
2271,4.908,0.117
2272,5.014,0.094
2273,5.180,0.102
2274,5.152,0.066
2275,4.884,0.168
2276,4.973,0.086
2277,4.706,0.109
2278,4.739,0.145
2279,4.834,0.145
2280,4.792,0.113
2281,4.939,0.113
2282,5.014,0.105
2283,5.144,0.125
2284,4.701,0.129
2285,4.937,0.105
2286,4.924,0.117
2287,4.778,0.133
2288,4.953,0.121
2289,4.828,0.109
2290,5.198,0.078
2291,5.022,0.086
2292,5.382,0.094
2293,5.123,0.117
2294,5.029,0.121
2295,5.022,0.137
2296,5.093,0.094
2297,4.962,0.117
2298,5.031,0.113
2299,5.142,0.098
2300,5.156,0.086
2301,4.888,0.117
2302,5.133,0.109
2303,4.937,0.102
2304,4.809,0.113
2305,4.932,0.133
2306,4.963,0.113
2307,4.636,0.137
2308,4.990,0.117
2309,5.031,0.094
2310,4.907,0.129
2311,5.001,0.113
2312,4.774,0.105
2313,4.757,0.137
2314,4.934,0.094
2315,4.927,0.137
2316,4.981,0.086
2317,5.073,0.094
2318,4.863,0.125
2319,4.906,0.117
2320,4.936,0.109
2321,4.882,0.152
2322,4.770,0.125
2323,4.805,0.102
2324,5.018,0.109
2325,5.021,0.074
2326,4.763,0.129
2327,4.986,0.102
2328,4.952,0.090
2329,5.013,0.117
2330,4.815,0.113
2331,4.783,0.121
2332,5.106,0.105
2333,4.840,0.094
2334,5.006,0.094
2335,5.014,0.082
2336,4.805,0.105
2337,4.829,0.098
2338,4.837,0.121
2339,4.918,0.117
2340,5.056,0.094
2341,4.939,0.129
2342,4.654,0.152
2343,4.770,0.125
2344,4.801,0.125
2345,5.075,0.102
2346,5.138,0.105
2347,4.755,0.117
2348,4.905,0.137
2349,5.030,0.113
2350,4.538,0.145
2351,4.670,0.141
2352,5.291,0.105
2353,4.605,0.148
2354,4.765,0.152
2355,4.601,0.145
2356,4.916,0.109
2357,4.964,0.098
2358,4.818,0.141
2359,5.134,0.090
2360,5.078,0.098
2361,5.209,0.078
2362,4.805,0.121
2363,5.015,0.102
2364,4.836,0.133
2365,4.904,0.129
2366,4.752,0.164
2367,4.654,0.141
2368,4.965,0.125
2369,4.733,0.121
2370,5.280,0.113
2371,4.940,0.109
2372,4.757,0.129
2373,5.130,0.082
2374,5.139,0.125
2375,4.819,0.141
2376,4.919,0.129
2377,5.029,0.125
2378,4.836,0.137
2379,4.663,0.121
2380,5.159,0.117
2381,4.757,0.098
2382,5.062,0.090
2383,4.841,0.121
2384,5.121,0.141
2385,4.878,0.094
2386,4.921,0.129
2387,4.936,0.102
2388,4.973,0.109
2389,4.840,0.117
2390,5.149,0.090
2391,4.826,0.121
2392,4.793,0.156
2393,4.889,0.125
2394,4.603,0.156
2395,5.211,0.125
2396,4.806,0.137
2397,4.778,0.117
2398,4.787,0.152
2399,4.791,0.121
2400,5.165,0.121
2401,4.921,0.094
2402,5.062,0.105
2403,4.820,0.113
2404,4.830,0.105
2405,5.056,0.121
2406,4.896,0.086
2407,4.977,0.066
2408,4.939,0.090
2409,4.904,0.109
2410,4.809,0.133
2411,4.983,0.113
2412,4.675,0.148
2413,5.180,0.098
2414,5.171,0.090
2415,4.920,0.098
2416,4.718,0.121
2417,4.728,0.152
2418,5.115,0.086
2419,4.638,0.156
2420,5.110,0.094
2421,4.888,0.113
2422,4.640,0.117
2423,4.829,0.141
2424,4.959,0.109
2425,5.181,0.121
2426,4.885,0.129
2427,4.703,0.141
2428,4.500,0.156
2429,4.669,0.141
2430,4.861,0.086
2431,4.875,0.117
2432,4.656,0.133
2433,4.785,0.109
2434,4.874,0.102
2435,4.794,0.113
2436,4.657,0.137
2437,4.777,0.109
2438,4.603,0.141
2439,4.843,0.137
2440,4.792,0.129
2441,4.889,0.105
2442,4.870,0.109
2443,4.697,0.133
2444,4.600,0.129
2445,5.059,0.113
2446,5.042,0.125
2447,4.767,0.102
2448,4.867,0.113
2449,4.718,0.133
2450,4.643,0.164
2451,4.870,0.133
2452,4.882,0.129
2453,4.971,0.102
2454,4.686,0.137
2455,5.019,0.102
2456,4.943,0.145
2457,4.719,0.129
2458,4.875,0.141
2459,4.832,0.121
2460,4.781,0.102
2461,5.097,0.125
2462,4.533,0.172
2463,5.192,0.113
2464,4.806,0.125
2465,4.667,0.141
2466,4.776,0.105
2467,4.682,0.098
2468,4.970,0.148
2469,4.745,0.160
2470,4.751,0.098
2471,5.052,0.082
2472,4.687,0.152
2473,5.072,0.098
2474,4.964,0.129
2475,4.909,0.082
2476,4.833,0.078
2477,5.169,0.121
2478,4.866,0.113
2479,4.921,0.105
2480,4.758,0.137
2481,4.886,0.117
2482,5.004,0.109
2483,5.109,0.102
2484,4.732,0.102
2485,4.920,0.105
2486,4.921,0.145
2487,5.018,0.125
2488,4.753,0.133
2489,4.609,0.117
2490,5.035,0.125
2491,4.790,0.121
2492,5.072,0.152
2493,4.687,0.109
2494,5.189,0.090
2495,4.899,0.086
2496,4.882,0.164
2497,4.804,0.172
2498,4.823,0.133
2499,5.136,0.094
2500,4.916,0.113
2501,4.891,0.148
2502,4.820,0.133
2503,5.105,0.109
2504,4.738,0.109
2505,5.055,0.094
2506,4.941,0.109
2507,4.960,0.090
2508,4.913,0.109
2509,4.849,0.129
2510,5.206,0.102
2511,4.768,0.125
2512,4.804,0.137
2513,4.596,0.164
2514,4.821,0.133
2515,4.988,0.129
2516,4.759,0.137
2517,4.798,0.105
2518,4.921,0.145
2519,4.969,0.098
2520,4.664,0.137
2521,4.855,0.117
2522,4.759,0.137
2523,4.635,0.172
2524,4.783,0.133
2525,4.791,0.109
2526,4.816,0.102
2527,5.082,0.094
2528,4.881,0.141
2529,4.906,0.121
2530,5.034,0.102
2531,5.101,0.105
2532,5.305,0.094
2533,4.886,0.109
2534,4.933,0.113
2535,5.227,0.125
2536,4.875,0.109
2537,4.760,0.133
2538,4.835,0.133
2539,4.791,0.090
2540,4.668,0.137
2541,5.121,0.102
2542,4.966,0.102
2543,4.776,0.129
2544,5.051,0.086
2545,5.114,0.117
2546,4.624,0.141
2547,4.907,0.117
2548,4.702,0.141
2549,4.993,0.129
2550,5.007,0.117
2551,4.624,0.141
2552,4.778,0.113
2553,4.908,0.141
2554,4.735,0.105
2555,4.809,0.109
2556,4.988,0.141
2557,4.804,0.164
2558,4.675,0.129
2559,4.807,0.113
2560,4.910,0.141
2561,4.896,0.117
2562,5.145,0.121
2563,4.852,0.121
2564,4.871,0.094
2565,4.857,0.102
2566,4.871,0.129
2567,4.748,0.160
2568,4.869,0.105
2569,4.763,0.129
2570,4.980,0.121
2571,5.276,0.121
2572,4.827,0.160
2573,4.623,0.168
2574,4.967,0.121
2575,5.091,0.145
2576,5.222,0.117
2577,4.790,0.117
2578,4.938,0.086
2579,5.236,0.090
2580,5.168,0.062
2581,4.869,0.137
2582,4.754,0.133
2583,5.005,0.113
2584,4.803,0.121
2585,4.850,0.125
2586,4.906,0.090
2587,4.665,0.117
2588,5.014,0.094
2589,4.730,0.117
2590,4.665,0.129
2591,4.599,0.160
2592,4.775,0.125
2593,4.954,0.121
2594,4.916,0.145
2595,4.813,0.137
2596,4.613,0.152
2597,4.944,0.109
2598,4.858,0.125
2599,5.073,0.098
2600,5.082,0.109
2601,4.820,0.105
2602,5.176,0.062
2603,4.953,0.133
2604,5.042,0.129
2605,5.010,0.141
2606,4.854,0.133
2607,4.963,0.105
2608,5.097,0.090
2609,5.025,0.121
2610,4.813,0.117
2611,4.874,0.090
2612,4.894,0.105
2613,4.943,0.145
2614,4.928,0.105
2615,4.655,0.172
2616,4.870,0.145
2617,4.921,0.152
2618,4.566,0.152
2619,4.919,0.145
2620,4.622,0.148
2621,4.788,0.117
2622,4.827,0.102
2623,4.734,0.125
2624,4.857,0.145
2625,4.589,0.145
2626,4.634,0.129
2627,5.028,0.125
2628,4.744,0.113
2629,4.735,0.145
2630,4.895,0.121
2631,4.977,0.098
2632,4.900,0.090
2633,4.892,0.145
2634,4.931,0.129
2635,4.888,0.113
2636,4.958,0.133
2637,5.061,0.125
2638,4.905,0.113
2639,4.785,0.145
2640,4.743,0.102
2641,4.792,0.129
2642,4.753,0.133
2643,4.826,0.129
2644,5.247,0.082
2645,4.819,0.113
2646,4.956,0.137
2647,5.180,0.113
2648,4.731,0.141
2649,5.092,0.113
2650,4.799,0.141
2651,4.797,0.133
2652,4.921,0.102
2653,4.926,0.102
2654,5.141,0.105
2655,4.933,0.105
2656,4.993,0.113
2657,4.775,0.152
2658,4.917,0.133
2659,4.912,0.113
2660,4.857,0.117
2661,4.917,0.148
2662,5.009,0.133
2663,5.133,0.086
2664,4.675,0.164
2665,4.707,0.195
2666,4.604,0.168
2667,5.061,0.152
2668,4.682,0.184
2669,4.951,0.105
2670,5.013,0.148
2671,5.006,0.113
2672,4.760,0.176
2673,5.233,0.113
2674,4.910,0.113
2675,4.664,0.145
2676,4.791,0.129
2677,4.748,0.109
2678,4.973,0.133
2679,4.796,0.121
2680,4.931,0.098
2681,5.082,0.074
2682,4.969,0.109
2683,4.905,0.113
2684,4.819,0.141
2685,4.994,0.121
2686,4.602,0.109
2687,5.059,0.129
2688,5.352,0.082
2689,4.872,0.125
2690,4.866,0.133
2691,4.893,0.148
2692,4.838,0.133
2693,4.880,0.141
2694,5.040,0.109
2695,4.884,0.129
2696,4.843,0.160
2697,5.055,0.145
2698,4.983,0.133
2699,4.977,0.152
2700,4.845,0.141
2701,4.749,0.125
2702,4.804,0.125
2703,5.106,0.113
2704,4.860,0.160
2705,5.002,0.109
2706,4.755,0.164
2707,5.227,0.070
2708,5.073,0.086
2709,4.745,0.102
2710,5.277,0.098
2711,4.882,0.141
2712,4.750,0.133
2713,5.008,0.137
2714,5.053,0.105
2715,4.989,0.113
2716,4.915,0.145
2717,4.700,0.168
2718,4.848,0.152
2719,4.877,0.113
2720,4.697,0.129
2721,5.069,0.113
2722,4.669,0.152
2723,4.981,0.117
2724,4.829,0.121
2725,4.776,0.109
2726,5.025,0.109
2727,4.896,0.133
2728,4.608,0.137
2729,4.820,0.102
2730,4.617,0.133
2731,4.807,0.090
2732,4.786,0.137
2733,4.731,0.117
2734,4.935,0.129
2735,4.623,0.180
2736,4.743,0.094
2737,4.789,0.141
2738,4.818,0.121
2739,4.620,0.129
2740,4.737,0.121
2741,5.033,0.074
2742,4.722,0.125
2743,4.653,0.141
2744,5.327,0.113
2745,5.016,0.121
2746,4.880,0.102
2747,4.876,0.133
2748,4.666,0.086
2749,5.039,0.086
2750,4.876,0.098
2751,4.901,0.105
2752,4.949,0.133
2753,5.014,0.105
2754,4.881,0.109
2755,5.155,0.098
2756,4.742,0.145
2757,4.960,0.113
2758,4.955,0.094
2759,4.637,0.117
2760,4.867,0.148
2761,4.795,0.141
2762,4.902,0.078
2763,5.047,0.098
2764,4.731,0.188
2765,5.071,0.121
2766,4.966,0.125
2767,4.934,0.117
2768,5.017,0.082
2769,4.836,0.117
2770,5.112,0.129
2771,4.604,0.160
2772,4.870,0.102
2773,4.774,0.117
2774,4.645,0.164
2775,4.928,0.117
2776,5.103,0.109
2777,4.956,0.109
2778,4.915,0.137
2779,4.818,0.105
2780,4.936,0.148
2781,4.839,0.125
2782,4.914,0.094
2783,4.939,0.109
2784,4.619,0.188
2785,5.056,0.102
2786,4.860,0.113
2787,4.878,0.129
2788,4.918,0.145
2789,4.712,0.133
2790,4.773,0.125
2791,4.919,0.141
2792,4.811,0.121
2793,4.801,0.105
2794,5.136,0.105
2795,4.783,0.105
2796,4.777,0.121
2797,5.038,0.109
2798,4.643,0.141
2799,4.754,0.113
2800,4.873,0.145
2801,4.707,0.141
2802,4.670,0.152
2803,4.869,0.113
2804,4.617,0.121
2805,4.676,0.137
2806,4.837,0.090
2807,5.060,0.113
2808,5.229,0.117
2809,4.915,0.113
2810,4.886,0.117
2811,5.004,0.086
2812,4.591,0.121
2813,4.955,0.102
2814,4.971,0.098
2815,4.745,0.129
2816,4.914,0.125
2817,4.991,0.145
2818,4.807,0.133
2819,4.832,0.105
2820,5.137,0.133
2821,4.761,0.105
2822,4.686,0.145
2823,4.726,0.145
2824,5.075,0.121
2825,4.860,0.133
2826,4.758,0.102
2827,4.880,0.109
2828,4.972,0.109
2829,4.892,0.145
2830,4.879,0.098
2831,4.816,0.082
2832,4.809,0.105
2833,5.070,0.105
2834,5.016,0.117
2835,4.629,0.176
2836,4.980,0.141
2837,4.949,0.105
2838,5.118,0.113
2839,5.102,0.094
2840,4.582,0.113
2841,5.057,0.125
2842,5.107,0.059
2843,4.948,0.129
2844,4.646,0.137
2845,4.855,0.121
2846,4.771,0.133
2847,4.709,0.168
2848,4.787,0.152
2849,5.110,0.121
2850,4.853,0.113
2851,4.973,0.117
2852,4.811,0.148
2853,4.801,0.148
2854,4.572,0.094
2855,4.909,0.152
2856,4.860,0.133
2857,4.923,0.137
2858,4.986,0.141
2859,4.778,0.148
2860,4.937,0.102
2861,4.922,0.109
2862,4.721,0.137
2863,4.765,0.117
2864,4.951,0.148
2865,4.929,0.117
2866,4.682,0.137
2867,4.625,0.141
2868,4.439,0.160
2869,4.668,0.125
2870,5.260,0.094
2871,4.758,0.133
2872,5.066,0.090
2873,5.057,0.129
2874,4.669,0.172
2875,4.902,0.109
2876,4.884,0.125
2877,4.847,0.137
2878,4.789,0.129
2879,4.939,0.137
2880,4.785,0.121
2881,5.084,0.094
2882,4.704,0.137
2883,4.729,0.098
2884,4.884,0.121
2885,4.794,0.145
2886,4.900,0.137
2887,4.932,0.129
2888,4.840,0.129
2889,4.618,0.141
2890,4.788,0.113
2891,4.712,0.164
2892,5.106,0.098
2893,4.610,0.164
2894,4.546,0.148
2895,4.776,0.125
2896,5.009,0.121
2897,4.878,0.117
2898,4.970,0.113
2899,5.159,0.113
2900,4.680,0.129
2901,4.907,0.125
2902,4.817,0.133
2903,4.720,0.176
2904,4.944,0.188
2905,4.540,0.152
2906,4.858,0.129
2907,4.817,0.113
2908,4.977,0.172
2909,5.006,0.125
2910,4.687,0.148
2911,5.011,0.105
2912,4.967,0.145
2913,5.017,0.121
2914,4.875,0.156
2915,4.682,0.168
2916,4.794,0.141
2917,4.778,0.156
2918,4.926,0.117
2919,4.779,0.137
2920,4.938,0.086
2921,4.687,0.133
2922,4.914,0.121
2923,4.855,0.156
2924,4.782,0.129
2925,4.903,0.125
2926,4.718,0.176
2927,4.752,0.129
2928,4.865,0.121
2929,4.830,0.121
2930,4.616,0.129
2931,4.809,0.133
2932,4.577,0.152
2933,4.709,0.188
2934,4.607,0.148
2935,4.742,0.141
2936,4.589,0.184
2937,4.870,0.125
2938,4.807,0.148
2939,4.965,0.141
2940,4.602,0.164
2941,4.684,0.125
2942,4.853,0.109
2943,4.600,0.133
2944,4.780,0.145
2945,4.910,0.145
2946,4.760,0.117
2947,5.110,0.082
2948,4.964,0.145
2949,4.641,0.145
2950,5.010,0.102
2951,4.915,0.086
2952,4.632,0.152
2953,4.583,0.148
2954,4.339,0.184
2955,4.819,0.148
2956,4.505,0.129
2957,4.866,0.113
2958,4.876,0.125
2959,4.796,0.102
2960,4.679,0.164
2961,4.619,0.113
2962,4.786,0.137
2963,4.797,0.129
2964,4.892,0.152
2965,4.903,0.121
2966,4.707,0.184
2967,4.775,0.133
2968,4.589,0.145
2969,4.548,0.180
2970,5.046,0.137
2971,4.995,0.129
2972,4.816,0.152
2973,5.011,0.156
2974,4.791,0.152
2975,4.812,0.164
2976,5.027,0.133
2977,4.689,0.145
2978,4.751,0.184
2979,4.947,0.121
2980,4.974,0.148
2981,4.707,0.105
2982,4.906,0.145
2983,4.774,0.148
2984,4.980,0.094
2985,4.594,0.164
2986,4.763,0.156
2987,4.649,0.137
2988,4.775,0.176
2989,4.739,0.156
2990,4.682,0.102
2991,4.914,0.141
2992,4.747,0.141
2993,4.822,0.148
2994,4.994,0.117
2995,4.962,0.102
2996,4.844,0.113
2997,4.730,0.168
2998,4.926,0.125
2999,4.708,0.160
3000,4.596,0.156
3001,5.076,0.137
3002,4.701,0.191
3003,4.716,0.145
3004,4.811,0.094
3005,5.015,0.113
3006,4.383,0.164
3007,4.742,0.168
3008,4.580,0.133
3009,4.763,0.125
3010,4.887,0.152
3011,4.616,0.133
3012,4.916,0.094
3013,4.934,0.145
3014,4.799,0.125
3015,4.906,0.125
3016,4.670,0.133
3017,4.875,0.180
3018,4.724,0.148
3019,4.849,0.164
3020,4.727,0.148
3021,4.682,0.125
3022,5.047,0.102
3023,5.085,0.113
3024,5.148,0.105
3025,5.001,0.152
3026,5.076,0.102
3027,4.727,0.113
3028,4.936,0.133
3029,4.801,0.121
3030,4.929,0.145
3031,4.761,0.137
3032,4.606,0.172
3033,4.672,0.137
3034,4.717,0.152
3035,4.580,0.141
3036,4.780,0.145
3037,4.676,0.117
3038,4.863,0.117
3039,4.555,0.160
3040,4.908,0.129
3041,4.749,0.145
3042,4.861,0.156
3043,4.789,0.121
3044,4.584,0.207
3045,4.894,0.105
3046,5.038,0.125
3047,4.914,0.113
3048,4.604,0.145
3049,4.661,0.121
3050,4.944,0.125
3051,4.844,0.133
3052,4.682,0.164
3053,4.912,0.148
3054,4.812,0.121
3055,4.726,0.121
3056,4.858,0.129
3057,4.783,0.133
3058,4.899,0.152
3059,4.907,0.141
3060,4.787,0.152
3061,4.657,0.168
3062,4.932,0.086
3063,4.546,0.172
3064,4.690,0.168
3065,5.123,0.113
3066,5.015,0.125
3067,4.533,0.145
3068,4.972,0.160
3069,4.513,0.195
3070,5.027,0.145
3071,4.806,0.145
3072,4.714,0.133
3073,4.973,0.098
3074,4.993,0.113
3075,4.859,0.129
3076,4.709,0.133
3077,4.795,0.137
3078,4.774,0.102
3079,4.735,0.156
3080,4.775,0.145
3081,4.832,0.121
3082,4.795,0.164
3083,4.832,0.164
3084,4.469,0.211
3085,5.173,0.113
3086,4.799,0.141
3087,4.810,0.164
3088,4.542,0.172
3089,4.747,0.180
3090,4.805,0.152
3091,4.778,0.121
3092,4.643,0.160
3093,4.758,0.148
3094,4.385,0.172
3095,4.620,0.168
3096,4.767,0.164
3097,4.815,0.109
3098,4.571,0.172
3099,4.713,0.141
3100,4.861,0.125
3101,4.339,0.160
3102,4.669,0.156
3103,4.875,0.113
3104,4.705,0.145
3105,4.992,0.152
3106,4.866,0.137
3107,4.754,0.160
3108,4.693,0.172
3109,4.888,0.129
3110,4.638,0.180
3111,4.733,0.164
3112,4.744,0.168
3113,4.608,0.141
3114,4.614,0.148
3115,4.894,0.133
3116,4.821,0.137
3117,4.931,0.129
3118,4.833,0.129
3119,4.785,0.129
3120,4.620,0.148
3121,4.538,0.160
3122,5.031,0.129
3123,4.769,0.145
3124,4.734,0.168
3125,4.762,0.168
3126,4.613,0.176
3127,4.513,0.137
3128,4.969,0.105
3129,5.001,0.109
3130,5.042,0.113
3131,4.851,0.102
3132,4.622,0.184
3133,4.837,0.164
3134,4.909,0.098
3135,4.641,0.137
3136,4.662,0.129
3137,4.925,0.145
3138,4.864,0.145
3139,4.894,0.125
3140,4.632,0.184
3141,4.912,0.094
3142,4.822,0.148
3143,4.834,0.129
3144,4.853,0.121
3145,4.951,0.121
3146,4.868,0.156
3147,4.820,0.164
3148,4.555,0.168
3149,4.826,0.125
3150,4.689,0.184
3151,4.679,0.129
3152,4.939,0.137
3153,4.812,0.145
3154,4.832,0.145
3155,4.709,0.137
3156,4.419,0.180
3157,4.705,0.152
3158,4.662,0.152
3159,4.544,0.148
3160,4.477,0.141
3161,4.249,0.164
3162,4.621,0.172
3163,4.703,0.156
3164,4.928,0.156
3165,4.775,0.109
3166,4.771,0.125
3167,4.717,0.203
3168,4.765,0.152
3169,4.818,0.148
3170,4.827,0.125
3171,4.586,0.102
3172,4.548,0.141
3173,5.009,0.098
3174,4.623,0.137
3175,4.521,0.164
3176,4.807,0.125
3177,4.735,0.148
3178,4.645,0.148
3179,4.610,0.164
3180,4.515,0.113
3181,4.668,0.176
3182,4.751,0.176
3183,4.703,0.160
3184,4.344,0.156
3185,4.708,0.152
3186,4.905,0.117
3187,4.525,0.152
3188,4.709,0.176
3189,4.391,0.172
3190,4.564,0.141
3191,4.508,0.148
3192,4.852,0.117
3193,4.440,0.133
3194,4.991,0.156
3195,4.374,0.191
3196,4.709,0.145
3197,4.644,0.105
3198,4.713,0.156
3199,4.775,0.152
3200,4.709,0.156
3201,4.849,0.141
3202,4.760,0.145
3203,4.740,0.164
3204,4.783,0.145
3205,4.695,0.148
3206,4.827,0.145
3207,5.007,0.102
3208,4.965,0.117
3209,4.495,0.137
3210,4.786,0.137
3211,4.835,0.133
3212,5.084,0.137
3213,4.902,0.137
3214,4.746,0.148
3215,4.966,0.078
3216,5.303,0.074
3217,4.684,0.184
3218,5.045,0.109
3219,4.842,0.125
3220,4.540,0.148
3221,4.860,0.105
3222,4.778,0.141
3223,5.043,0.090
3224,4.773,0.176
3225,4.624,0.168
3226,4.800,0.129
3227,4.449,0.180
3228,4.852,0.133
3229,4.643,0.109
3230,4.666,0.145
3231,4.625,0.152
3232,4.585,0.145
3233,4.590,0.152
3234,4.794,0.176
3235,4.836,0.156
3236,4.639,0.125
3237,4.803,0.133
3238,4.717,0.164
3239,4.532,0.168
3240,4.681,0.164
3241,4.471,0.176
3242,4.728,0.156
3243,4.604,0.145
3244,4.418,0.125
3245,4.781,0.121
3246,4.982,0.121
3247,4.564,0.156
3248,4.552,0.160
3249,4.891,0.090
3250,4.511,0.207
3251,4.453,0.176
3252,4.478,0.172
3253,4.774,0.133
3254,4.780,0.145
3255,4.823,0.137
3256,4.669,0.184
3257,4.386,0.195
3258,4.358,0.168
3259,4.358,0.164
3260,4.649,0.141
3261,4.702,0.141
3262,4.685,0.148
3263,4.640,0.156
3264,4.655,0.156
3265,4.762,0.145
3266,4.808,0.156
3267,4.797,0.152
3268,4.634,0.137
3269,4.699,0.133
3270,4.601,0.145
3271,4.612,0.160
3272,4.487,0.137
3273,4.397,0.188
3274,4.910,0.152
3275,4.556,0.156
3276,4.749,0.145
3277,4.641,0.117
3278,4.601,0.168
3279,4.757,0.145
3280,4.616,0.152
3281,4.700,0.113
3282,4.658,0.141
3283,4.994,0.117
3284,4.555,0.145
3285,4.876,0.152
3286,4.704,0.152
3287,4.695,0.145
3288,4.624,0.188
3289,4.560,0.199
3290,4.541,0.148
3291,4.604,0.137
3292,4.928,0.105
3293,4.831,0.156
3294,4.927,0.113
3295,4.788,0.164
3296,4.549,0.121
3297,4.495,0.141
3298,4.502,0.188
3299,4.623,0.129
3300,4.580,0.121
3301,4.787,0.148
3302,4.706,0.148
3303,4.765,0.184
3304,4.482,0.164
3305,4.489,0.152
3306,4.541,0.141
3307,4.500,0.176
3308,4.940,0.125
3309,4.798,0.137
3310,4.477,0.152
3311,4.653,0.160
3312,4.683,0.133
3313,4.597,0.148
3314,4.758,0.145
3315,4.533,0.141
3316,4.815,0.125
3317,4.876,0.180
3318,4.728,0.137
3319,4.880,0.160
3320,4.834,0.145
3321,4.709,0.160
3322,4.773,0.133
3323,4.654,0.156
3324,4.725,0.129
3325,4.727,0.137
3326,4.784,0.148
3327,4.631,0.152
3328,4.821,0.141
3329,5.008,0.105
3330,5.103,0.105
3331,4.734,0.109
3332,4.744,0.164
3333,4.951,0.148
3334,4.925,0.141
3335,4.779,0.133
3336,5.148,0.129
3337,4.951,0.121
3338,4.965,0.117
3339,4.659,0.152
3340,4.735,0.133
3341,4.749,0.133
3342,4.575,0.176
3343,4.898,0.137
3344,4.827,0.156
3345,4.737,0.145
3346,4.849,0.133
3347,4.994,0.133
3348,4.757,0.117
3349,5.055,0.148
3350,4.875,0.141
3351,4.528,0.168
3352,4.771,0.137
3353,4.688,0.184
3354,4.516,0.172
3355,4.548,0.184
3356,4.668,0.137
3357,4.829,0.133
3358,4.818,0.184
3359,4.521,0.203
3360,4.631,0.184
3361,4.560,0.211
3362,4.872,0.168
3363,4.718,0.141
3364,4.726,0.152
3365,4.951,0.117
3366,4.834,0.148
3367,4.778,0.125
3368,4.347,0.188
3369,4.578,0.180
3370,4.647,0.133
3371,4.625,0.176
3372,5.080,0.090
3373,4.844,0.133
3374,4.624,0.133
3375,4.824,0.148
3376,4.698,0.137
3377,4.658,0.117
3378,4.557,0.172
3379,4.597,0.180
3380,4.946,0.113
3381,4.720,0.176
3382,4.484,0.168
3383,4.929,0.102
3384,4.725,0.156
3385,4.646,0.141
3386,4.352,0.180
3387,5.009,0.105
3388,4.769,0.125
3389,4.691,0.129
3390,4.909,0.156
3391,4.805,0.148
3392,4.497,0.152
3393,4.671,0.148
3394,4.880,0.137
3395,4.829,0.160
3396,4.675,0.152
3397,4.734,0.160
3398,4.525,0.180
3399,4.570,0.160
3400,4.688,0.145
3401,4.606,0.180
3402,4.860,0.117
3403,4.769,0.137
3404,4.716,0.133
3405,4.862,0.137
3406,4.655,0.152
3407,4.780,0.141
3408,4.690,0.145
3409,4.832,0.125
3410,4.982,0.145
3411,4.909,0.129
3412,4.722,0.129
3413,4.887,0.168
3414,4.555,0.129
3415,4.863,0.141
3416,4.753,0.156
3417,4.857,0.176
3418,4.838,0.137
3419,4.473,0.168
3420,4.635,0.156
3421,4.629,0.152
3422,4.909,0.145
3423,4.993,0.121
3424,4.737,0.172
3425,4.649,0.156
3426,4.925,0.094
3427,4.721,0.137
3428,4.717,0.125
3429,4.563,0.168
3430,4.590,0.117
3431,4.567,0.125
3432,4.734,0.121
3433,4.793,0.156
3434,4.510,0.148
3435,4.767,0.180
3436,4.617,0.168
3437,4.839,0.137
3438,4.922,0.180
3439,4.715,0.172
3440,4.588,0.176
3441,4.654,0.133
3442,4.549,0.137
3443,5.176,0.086
3444,4.926,0.125
3445,4.751,0.117
3446,4.749,0.082
3447,4.827,0.141
3448,4.623,0.180
3449,4.854,0.145
3450,4.835,0.113
3451,5.016,0.145
3452,4.841,0.145
3453,4.597,0.168
3454,4.832,0.164
3455,4.938,0.141
3456,4.959,0.121
3457,4.802,0.152
3458,4.856,0.129
3459,4.668,0.152
3460,4.799,0.133
3461,4.371,0.188
3462,4.776,0.121
3463,4.815,0.133
3464,4.628,0.145
3465,4.679,0.203
3466,4.775,0.145
3467,4.958,0.188
3468,4.520,0.148
3469,4.973,0.133
3470,4.702,0.188
3471,4.657,0.145
3472,5.037,0.121
3473,4.758,0.133
3474,4.538,0.168
3475,4.656,0.164
3476,4.612,0.156
3477,4.632,0.152
3478,4.845,0.117
3479,4.860,0.156
3480,4.822,0.168
3481,4.631,0.164
3482,4.952,0.137
3483,4.702,0.137
3484,4.925,0.121
3485,4.632,0.133
3486,4.846,0.129
3487,4.786,0.137
3488,4.905,0.141
3489,4.707,0.156
3490,4.824,0.141
3491,4.854,0.137
3492,4.666,0.176
3493,4.703,0.160
3494,4.608,0.145
3495,4.590,0.156
3496,4.703,0.164
3497,4.851,0.145
3498,4.610,0.152
3499,4.890,0.148
3500,4.751,0.148
3501,4.547,0.184
3502,4.623,0.172
3503,4.959,0.125
3504,4.604,0.195
3505,4.607,0.156
3506,4.829,0.172
3507,4.990,0.141
3508,4.610,0.148
3509,4.862,0.152
3510,4.776,0.156
3511,4.735,0.148
3512,4.875,0.156
3513,4.716,0.180
3514,4.883,0.141
3515,4.730,0.191
3516,4.863,0.148
3517,4.849,0.152
3518,4.560,0.156
3519,4.646,0.133
3520,4.899,0.129
3521,4.677,0.160
3522,4.493,0.180
3523,4.681,0.145
3524,4.927,0.152
3525,4.719,0.188
3526,4.623,0.094
3527,4.699,0.168
3528,4.749,0.172
3529,5.054,0.121
3530,4.611,0.172
3531,4.714,0.117
3532,4.642,0.164
3533,4.513,0.184
3534,4.588,0.145
3535,4.556,0.168
3536,4.748,0.141
3537,4.736,0.164
3538,4.620,0.188
3539,4.995,0.145
3540,4.808,0.148
3541,4.729,0.156
3542,4.420,0.160
3543,4.693,0.168
3544,4.767,0.117
3545,4.898,0.156
3546,4.892,0.152
3547,4.879,0.176
3548,4.935,0.121
3549,4.638,0.137
3550,4.673,0.176
3551,4.607,0.168
3552,4.851,0.129
3553,4.744,0.168
3554,4.671,0.113
3555,4.563,0.148
3556,4.805,0.133
3557,4.961,0.129
3558,4.719,0.184
3559,4.802,0.125
3560,4.723,0.129
3561,4.927,0.160
3562,4.725,0.160
3563,4.772,0.141
3564,4.512,0.172
3565,4.777,0.121
3566,4.829,0.145
3567,4.530,0.164
3568,4.850,0.176
3569,4.873,0.098
3570,4.525,0.180
3571,4.903,0.152
3572,4.750,0.117
3573,4.629,0.156
3574,4.529,0.191
3575,4.712,0.180
3576,4.652,0.164
3577,4.673,0.176
3578,4.886,0.133
3579,4.902,0.148
3580,4.402,0.184
3581,4.508,0.176
3582,4.785,0.156
3583,4.695,0.133
3584,4.873,0.133
3585,4.672,0.168
3586,4.523,0.133
3587,4.532,0.234
3588,4.596,0.152
3589,4.777,0.156
3590,4.762,0.176
3591,4.605,0.172
3592,4.890,0.152
3593,4.737,0.113
3594,4.700,0.121
3595,4.803,0.129
3596,4.816,0.133
3597,4.678,0.148
3598,4.775,0.148
3599,4.515,0.176
3600,4.608,0.148
3601,4.860,0.129
3602,5.108,0.152
3603,4.802,0.145
3604,4.874,0.148
3605,4.567,0.168
3606,4.988,0.109
3607,4.628,0.148
3608,4.629,0.176
3609,4.776,0.148
3610,4.981,0.156
3611,4.961,0.137
3612,4.895,0.133
3613,4.774,0.148
3614,4.813,0.152
3615,4.586,0.160
3616,4.864,0.164
3617,4.584,0.152
3618,4.980,0.191
3619,4.411,0.184
3620,4.747,0.184
3621,4.879,0.152
3622,4.668,0.152
3623,4.834,0.117
3624,4.786,0.152
3625,4.497,0.180
3626,4.908,0.164
3627,4.474,0.141
3628,4.645,0.172
3629,5.039,0.133
3630,4.807,0.121
3631,4.774,0.164
3632,5.040,0.098
3633,4.775,0.121
3634,4.682,0.133
3635,4.914,0.137
3636,5.061,0.141
3637,4.685,0.141
3638,4.893,0.137
3639,4.667,0.145
3640,4.795,0.133
3641,4.411,0.168
3642,4.740,0.148
3643,4.859,0.102
3644,4.776,0.141
3645,4.629,0.125
3646,4.843,0.133
3647,4.778,0.148
3648,4.569,0.156
3649,4.788,0.148
3650,4.432,0.199
3651,4.714,0.168
3652,4.607,0.176
3653,4.434,0.168
3654,4.797,0.105
3655,4.932,0.145
3656,4.769,0.117
3657,4.780,0.145
3658,4.741,0.148
3659,4.625,0.160
3660,4.926,0.148
3661,5.005,0.109
3662,4.514,0.180
3663,4.984,0.129
3664,4.598,0.164
3665,5.181,0.148
3666,4.746,0.141
3667,4.908,0.145
3668,4.819,0.109
3669,4.580,0.156
3670,4.543,0.148
3671,4.758,0.145
3672,4.964,0.102
3673,4.861,0.156
3674,5.017,0.109
3675,4.801,0.133
3676,4.932,0.129
3677,5.084,0.125
3678,4.663,0.133
3679,4.636,0.172
3680,4.895,0.125
3681,4.957,0.133
3682,4.590,0.188
3683,4.902,0.160
3684,4.808,0.121
3685,4.685,0.199
3686,4.819,0.152
3687,4.391,0.156
3688,4.627,0.141
3689,4.876,0.148
3690,4.743,0.137
3691,4.487,0.148
3692,4.882,0.141
3693,4.558,0.152
3694,4.866,0.113
3695,4.762,0.137
3696,4.765,0.129
3697,4.586,0.207
3698,4.642,0.176
3699,4.577,0.137
3700,5.105,0.121
3701,4.521,0.176
3702,4.904,0.164
3703,5.070,0.117
3704,4.618,0.141
3705,4.935,0.098
3706,4.768,0.109
3707,4.505,0.172
3708,4.477,0.168
3709,4.609,0.188
3710,4.770,0.148
3711,4.532,0.188
3712,4.450,0.164
3713,4.573,0.195
3714,4.564,0.199
3715,4.906,0.094
3716,4.349,0.191
3717,4.646,0.176
3718,4.598,0.152
3719,4.507,0.176
3720,4.987,0.094
3721,4.657,0.168
3722,4.484,0.172
3723,5.234,0.125
3724,4.478,0.141
3725,4.649,0.141
3726,4.387,0.160
3727,4.639,0.195
3728,4.725,0.191
3729,4.319,0.211
3730,4.920,0.137
3731,4.801,0.121
3732,4.575,0.141
3733,4.557,0.141
3734,4.886,0.121
3735,4.775,0.164
3736,4.571,0.172
3737,4.669,0.141
3738,4.538,0.152
3739,4.755,0.180
3740,4.780,0.141
3741,4.564,0.176
3742,4.780,0.156
3743,4.666,0.184
3744,4.837,0.160
3745,4.920,0.109
3746,4.592,0.148
3747,4.784,0.141
3748,5.104,0.129
3749,4.613,0.176
3750,4.808,0.156
3751,4.539,0.172
3752,4.781,0.188
3753,4.901,0.152
3754,4.781,0.184
3755,4.534,0.168
3756,4.795,0.133
3757,4.669,0.148
3758,5.060,0.156
3759,4.870,0.164
3760,4.634,0.141
3761,5.006,0.113
3762,5.018,0.145
3763,4.468,0.156
3764,4.860,0.109
3765,4.785,0.137
3766,4.731,0.148
3767,4.918,0.168
3768,4.747,0.141
3769,4.758,0.164
3770,4.577,0.129
3771,4.729,0.172
3772,4.956,0.164
3773,4.551,0.172
3774,4.669,0.184
3775,4.849,0.129
3776,4.721,0.113
3777,4.947,0.172
3778,4.447,0.137
3779,4.664,0.133
3780,5.308,0.145
3781,5.419,0.113
3782,4.987,0.082
3783,4.558,0.164
3784,4.700,0.172
3785,4.674,0.195
3786,4.884,0.145
3787,4.799,0.164
3788,4.709,0.125
3789,4.602,0.152
3790,4.902,0.133
3791,4.986,0.152
3792,4.789,0.129
3793,4.634,0.133
3794,4.824,0.145
3795,4.935,0.109
3796,4.760,0.094
3797,4.933,0.145
3798,4.959,0.164
3799,4.596,0.168
3800,4.980,0.125
3801,4.829,0.141
3802,4.997,0.168
3803,4.839,0.148
3804,4.711,0.180
3805,4.927,0.156
3806,4.907,0.125
3807,4.874,0.133
3808,4.880,0.121
3809,4.692,0.195
3810,4.694,0.160
3811,5.061,0.133
3812,4.941,0.094
3813,4.758,0.137
3814,4.780,0.145
3815,4.684,0.188
3816,4.763,0.152
3817,4.855,0.117
3818,4.709,0.137
3819,4.764,0.156
3820,4.561,0.133
3821,4.715,0.156
3822,4.682,0.195
3823,4.907,0.156
3824,4.700,0.125
3825,4.742,0.141
3826,4.570,0.195
3827,4.846,0.145
3828,4.811,0.121
3829,4.560,0.129
3830,4.670,0.152
3831,4.805,0.184
3832,4.517,0.172
3833,4.784,0.121
3834,4.533,0.184
3835,4.746,0.191
3836,5.140,0.117
3837,4.700,0.133
3838,4.538,0.145
3839,4.358,0.215
3840,4.724,0.145
3841,4.942,0.137
3842,4.912,0.125
3843,4.849,0.137
3844,4.417,0.195
3845,4.718,0.117
3846,4.713,0.098
3847,4.934,0.156
3848,4.795,0.148
3849,4.737,0.113
3850,4.661,0.148
3851,4.698,0.125
3852,4.785,0.129
3853,4.925,0.191
3854,4.698,0.133
3855,4.691,0.188
3856,4.518,0.184
3857,4.780,0.137
3858,4.710,0.156
3859,4.506,0.215
3860,4.522,0.176
3861,4.919,0.168
3862,4.660,0.152
3863,4.788,0.148
3864,4.641,0.156
3865,4.706,0.164
3866,4.742,0.121
3867,4.901,0.109
3868,4.698,0.176
3869,4.857,0.125
3870,4.667,0.137
3871,4.754,0.145
3872,4.578,0.148
3873,4.598,0.180
3874,4.852,0.141
3875,4.421,0.168
3876,4.792,0.145
3877,4.519,0.195
3878,4.685,0.129
3879,4.662,0.148
3880,4.764,0.152
3881,4.592,0.168
3882,4.555,0.184
3883,4.635,0.137
3884,4.696,0.129
3885,4.652,0.195
3886,4.864,0.152
3887,4.871,0.168
3888,4.727,0.129
3889,4.593,0.152
3890,5.002,0.145
3891,4.657,0.145
3892,4.677,0.152
3893,4.773,0.172
3894,4.723,0.172
3895,4.735,0.160
3896,5.004,0.148
3897,4.657,0.172
3898,4.642,0.121
3899,4.858,0.145
3900,4.543,0.211
3901,4.479,0.172
3902,4.587,0.152
3903,4.490,0.160
3904,4.639,0.121
3905,4.836,0.188
3906,4.602,0.164
3907,4.821,0.156
3908,4.634,0.141
3909,4.631,0.152
3910,5.236,0.141
3911,4.916,0.145
3912,4.727,0.184
3913,4.631,0.156
3914,4.510,0.148
3915,4.506,0.156
3916,4.936,0.137
3917,4.783,0.191
3918,4.793,0.141
3919,4.705,0.180
3920,4.666,0.168
3921,5.008,0.141
3922,5.110,0.105
3923,4.812,0.184
3924,4.731,0.148
3925,4.871,0.117
3926,4.673,0.160
3927,4.956,0.109
3928,4.794,0.164
3929,4.710,0.168
3930,4.781,0.176
3931,4.992,0.125
3932,4.968,0.129
3933,4.614,0.176
3934,4.813,0.137
3935,4.979,0.145
3936,4.873,0.184
3937,4.983,0.098
3938,4.922,0.156
3939,5.122,0.086
3940,4.556,0.145
3941,4.857,0.109
3942,4.974,0.129
3943,4.680,0.141
3944,4.593,0.156
3945,4.718,0.180
3946,4.998,0.125
3947,4.848,0.148
3948,4.536,0.156
3949,4.839,0.133
3950,4.895,0.125
3951,4.953,0.152
3952,4.750,0.145
3953,4.664,0.148
3954,4.877,0.145
3955,4.890,0.152
3956,4.690,0.156
3957,5.044,0.121
3958,4.611,0.180
3959,4.485,0.207
3960,4.662,0.152
3961,5.016,0.164
3962,4.833,0.172
3963,4.849,0.133
3964,4.660,0.121
3965,4.637,0.141
3966,4.460,0.168
3967,4.931,0.105
3968,4.501,0.148
3969,4.590,0.160
3970,4.689,0.137
3971,4.879,0.164
3972,4.687,0.145
3973,4.414,0.160
3974,4.613,0.125
3975,4.350,0.191
3976,4.480,0.172
3977,4.617,0.160
3978,4.480,0.191
3979,4.501,0.176
3980,4.629,0.148
3981,4.618,0.164
3982,4.796,0.156
3983,4.573,0.152
3984,4.767,0.172
3985,5.025,0.164
3986,5.022,0.098
3987,4.497,0.145
3988,4.488,0.180
3989,4.655,0.156
3990,4.762,0.137
3991,4.664,0.164
3992,4.740,0.184
3993,4.700,0.176
3994,4.608,0.156
3995,4.532,0.188
3996,4.762,0.125
3997,4.592,0.172
3998,4.701,0.141
3999,4.921,0.082
4000,4.692,0.168
4001,5.021,0.141
4002,4.693,0.160
4003,4.555,0.156
4004,4.674,0.129
4005,4.448,0.191
4006,4.823,0.156
4007,4.594,0.148
4008,4.735,0.180
4009,4.957,0.133
4010,5.006,0.148
4011,4.806,0.125
4012,4.953,0.141
4013,4.599,0.172
4014,4.777,0.148
4015,4.659,0.125
4016,4.889,0.145
4017,4.611,0.184
4018,4.993,0.121
4019,4.649,0.180
4020,4.809,0.156
4021,4.965,0.125
4022,4.606,0.156
4023,4.960,0.148
4024,4.741,0.133
4025,4.546,0.180
4026,4.974,0.160
4027,4.812,0.152
4028,4.392,0.176
4029,4.579,0.133
4030,4.702,0.129
4031,4.480,0.145
4032,4.705,0.160
4033,4.948,0.160
4034,4.670,0.188
4035,4.640,0.203
4036,4.671,0.160
4037,4.953,0.105
4038,4.519,0.164
4039,4.635,0.164
4040,4.809,0.188
4041,4.645,0.137
4042,4.693,0.168
4043,4.918,0.117
4044,5.080,0.090
4045,4.766,0.133
4046,5.005,0.137
4047,5.020,0.133
4048,4.685,0.176
4049,4.829,0.113
4050,4.414,0.148
4051,4.727,0.152
4052,4.658,0.125
4053,4.588,0.148
4054,4.725,0.160
4055,4.756,0.125
4056,4.811,0.133
4057,4.883,0.195
4058,4.793,0.156
4059,4.615,0.113
4060,4.679,0.180
4061,4.723,0.121
4062,4.768,0.133
4063,4.854,0.168
4064,4.781,0.160
4065,4.587,0.121
4066,4.960,0.117
4067,4.761,0.160
4068,4.587,0.191
4069,4.344,0.172
4070,4.507,0.176
4071,4.436,0.141
4072,4.657,0.160
4073,4.665,0.160
4074,4.650,0.191
4075,4.538,0.160
4076,4.457,0.176
4077,4.980,0.152
4078,4.591,0.156
4079,4.703,0.184
4080,4.808,0.141
4081,4.751,0.168
4082,4.914,0.133
4083,4.732,0.172
4084,4.485,0.137
4085,4.519,0.188
4086,4.371,0.191
4087,4.690,0.168
4088,4.779,0.121
4089,4.629,0.160
4090,4.870,0.141
4091,4.538,0.191
4092,4.629,0.180
4093,4.532,0.203
4094,4.611,0.199
4095,4.411,0.203
4096,4.830,0.133
4097,4.670,0.188
4098,4.629,0.160
4099,4.655,0.164
4100,4.601,0.156
4101,5.056,0.160
4102,4.554,0.176
4103,4.333,0.156
4104,4.865,0.156
4105,4.638,0.164
4106,4.535,0.199
4107,4.667,0.160
4108,4.845,0.160
4109,4.833,0.145
4110,4.600,0.164
4111,4.636,0.129
4112,4.644,0.164
4113,4.617,0.137
4114,4.806,0.148
4115,4.775,0.113
4116,4.900,0.164
4117,4.494,0.164
4118,4.241,0.195
4119,4.737,0.188
4120,4.659,0.152
4121,4.707,0.141
4122,4.770,0.145
4123,4.596,0.133
4124,4.376,0.180
4125,4.795,0.156
4126,4.482,0.184
4127,4.767,0.145
4128,4.508,0.184
4129,4.741,0.141
4130,4.587,0.152
4131,4.432,0.199
4132,4.591,0.211
4133,4.322,0.168
4134,4.759,0.141
4135,4.638,0.145
4136,4.642,0.145
4137,4.522,0.191
4138,4.730,0.129
4139,4.544,0.191
4140,4.581,0.148
4141,4.490,0.172
4142,4.550,0.207
4143,4.634,0.125
4144,4.695,0.141
4145,4.630,0.121
4146,4.340,0.195
4147,4.716,0.145
4148,4.533,0.188
4149,4.517,0.176
4150,4.562,0.176
4151,4.911,0.156
4152,4.690,0.180
4153,4.617,0.152
4154,4.794,0.137
4155,4.492,0.184
4156,4.472,0.176
4157,4.360,0.215
4158,4.374,0.184
4159,4.634,0.191
4160,4.624,0.164
4161,4.898,0.156
4162,4.530,0.172
4163,4.406,0.145
4164,4.636,0.156
4165,4.549,0.203
4166,4.631,0.168
4167,4.767,0.148
4168,4.639,0.137
4169,4.944,0.156
4170,4.661,0.176
4171,4.564,0.172
4172,4.597,0.180
4173,4.689,0.141
4174,4.438,0.199
4175,4.695,0.168
4176,4.465,0.164
4177,4.302,0.234
4178,4.602,0.133
4179,4.473,0.188
4180,5.011,0.148
4181,4.233,0.195
4182,4.462,0.195
4183,4.568,0.156
4184,4.931,0.160
4185,4.773,0.180
4186,4.809,0.141
4187,4.686,0.164
4188,4.747,0.148
4189,4.540,0.230
4190,4.546,0.191
4191,4.772,0.133
4192,4.735,0.168
4193,4.752,0.164
4194,4.681,0.152
4195,4.800,0.156
4196,4.555,0.156
4197,4.432,0.176
4198,4.622,0.121
4199,4.593,0.180
4200,4.582,0.137
4201,4.875,0.156
4202,4.804,0.168
4203,4.483,0.188
4204,4.656,0.117
4205,4.545,0.133
4206,4.406,0.219
4207,4.689,0.160
4208,4.462,0.207
4209,4.629,0.156
4210,4.600,0.160
4211,4.532,0.137
4212,4.746,0.141
4213,4.480,0.219
4214,4.795,0.172
4215,5.028,0.164
4216,4.608,0.195
4217,4.768,0.113
4218,4.590,0.168
4219,4.552,0.172
4220,4.284,0.164
4221,4.538,0.219
4222,4.688,0.191
4223,4.814,0.191
4224,4.346,0.199
4225,4.952,0.203
4226,4.233,0.211
4227,4.306,0.207
4228,4.696,0.160
4229,4.743,0.148
4230,4.632,0.160
4231,4.792,0.184
4232,4.797,0.164
4233,4.572,0.207
4234,4.825,0.145
4235,4.195,0.199
4236,4.843,0.184
4237,4.567,0.176
4238,4.430,0.219
4239,4.860,0.160
4240,4.417,0.180
4241,4.460,0.191
4242,4.686,0.152
4243,4.381,0.211
4244,4.638,0.160
4245,4.655,0.184
4246,4.634,0.188
4247,4.515,0.172
4248,4.361,0.207
4249,4.755,0.148
4250,4.913,0.102
4251,4.780,0.168
4252,4.919,0.160
4253,4.687,0.172
4254,4.730,0.207
4255,4.631,0.137
4256,4.652,0.180
4257,4.672,0.168
4258,4.485,0.176
4259,4.709,0.145
4260,4.271,0.180
4261,4.301,0.191
4262,4.754,0.164
4263,4.998,0.168
4264,4.490,0.211
4265,4.440,0.184
4266,4.782,0.148
4267,4.827,0.160
4268,4.454,0.168
4269,4.732,0.203
4270,4.494,0.180
4271,4.764,0.145
4272,4.727,0.176
4273,4.674,0.164
4274,4.691,0.188
4275,4.831,0.227
4276,4.811,0.164
4277,4.579,0.219
4278,4.665,0.164
4279,4.580,0.188
4280,4.802,0.152
4281,4.420,0.207
4282,4.843,0.156
4283,4.596,0.168
4284,4.655,0.160
4285,4.523,0.219
4286,4.740,0.152
4287,4.675,0.152
4288,4.559,0.152
4289,4.680,0.109
4290,4.631,0.141
4291,4.361,0.203
4292,4.594,0.191
4293,4.342,0.230
4294,4.791,0.188
4295,4.551,0.184
4296,4.661,0.184
4297,4.478,0.160
4298,4.714,0.156
4299,4.560,0.121
4300,4.710,0.145
4301,4.725,0.176
4302,4.658,0.172
4303,4.802,0.156
4304,4.931,0.125
4305,4.671,0.172
4306,4.805,0.168
4307,4.544,0.195
4308,4.514,0.191
4309,4.752,0.164
4310,4.922,0.180
4311,4.615,0.180
4312,4.616,0.188
4313,4.549,0.195
4314,4.364,0.227
4315,4.513,0.168
4316,4.570,0.156
4317,4.682,0.148
4318,4.583,0.191
4319,4.551,0.168
4320,4.619,0.156
4321,4.600,0.168
4322,4.687,0.152
4323,4.780,0.172
4324,4.688,0.191
4325,4.784,0.199
4326,4.620,0.156
4327,4.611,0.176
4328,4.610,0.117
4329,5.066,0.117
4330,4.983,0.152
4331,4.924,0.125
4332,4.573,0.207
4333,4.566,0.188
4334,4.547,0.191
4335,4.536,0.160
4336,4.575,0.137
4337,4.681,0.188
4338,4.559,0.176
4339,4.725,0.156
4340,4.742,0.164
4341,4.752,0.168
4342,4.452,0.207
4343,4.789,0.133
4344,4.459,0.195
4345,4.439,0.172
4346,4.682,0.145
4347,4.707,0.164
4348,4.528,0.176
4349,4.501,0.176
4350,4.565,0.188
4351,5.114,0.121
4352,4.789,0.137
4353,4.508,0.148
4354,4.867,0.145
4355,4.551,0.160
4356,4.388,0.160
4357,4.602,0.184
4358,4.404,0.191
4359,4.502,0.195
4360,4.779,0.164
4361,4.774,0.156
4362,4.567,0.148
4363,4.823,0.188
4364,5.038,0.121
4365,4.683,0.164
4366,4.435,0.172
4367,4.597,0.199
4368,4.530,0.199
4369,4.718,0.172
4370,4.645,0.160
4371,4.984,0.141
4372,4.962,0.141
4373,4.478,0.238
4374,4.456,0.176
4375,4.612,0.168
4376,4.786,0.176
4377,4.827,0.168
4378,4.595,0.172
4379,4.610,0.172
4380,4.932,0.184
4381,5.048,0.160
4382,4.501,0.191
4383,4.809,0.168
4384,4.460,0.195
4385,4.657,0.160
4386,4.770,0.164
4387,4.708,0.141
4388,4.430,0.219
4389,4.635,0.152
4390,4.431,0.172
4391,4.644,0.207
4392,4.643,0.176
4393,4.479,0.188
4394,4.684,0.160
4395,4.731,0.191
4396,4.385,0.160
4397,4.624,0.172
4398,4.422,0.207
4399,4.504,0.199
4400,4.617,0.172
4401,4.778,0.176
4402,4.446,0.188
4403,4.302,0.207
4404,4.812,0.160
4405,4.360,0.211
4406,4.404,0.211
4407,4.605,0.152
4408,4.486,0.172
4409,4.515,0.211
4410,4.305,0.195
4411,4.611,0.215
4412,4.277,0.152
4413,4.354,0.223
4414,4.646,0.156
4415,4.413,0.164
4416,4.561,0.195
4417,4.363,0.203
4418,4.803,0.172
4419,4.983,0.145
4420,4.523,0.168
4421,4.593,0.148
4422,4.517,0.199
4423,4.492,0.152
4424,4.563,0.168
4425,4.793,0.152
4426,4.901,0.160
4427,4.721,0.176
4428,4.500,0.168
4429,4.803,0.137
4430,4.436,0.176
4431,4.782,0.176
4432,4.534,0.207
4433,4.732,0.168
4434,4.617,0.180
4435,4.524,0.184
4436,4.581,0.184
4437,4.833,0.164
4438,4.618,0.164
4439,4.863,0.164
4440,4.698,0.141
4441,4.634,0.168
4442,4.848,0.148
4443,4.527,0.148
4444,4.620,0.195
4445,4.796,0.188
4446,4.564,0.164
4447,4.488,0.164
4448,4.653,0.172
4449,4.735,0.141
4450,4.654,0.145
4451,4.587,0.188
4452,4.858,0.133
4453,4.410,0.156
4454,4.551,0.121
4455,4.356,0.180
4456,4.579,0.152
4457,4.649,0.219
4458,5.177,0.137
4459,4.733,0.184
4460,4.768,0.145
4461,4.633,0.176
4462,4.696,0.168
4463,4.957,0.148
4464,4.675,0.176
4465,4.858,0.152
4466,4.724,0.215
4467,4.609,0.160
4468,4.658,0.168
4469,4.226,0.184
4470,4.580,0.184
4471,4.416,0.191
4472,4.462,0.203
4473,4.546,0.168
4474,4.552,0.156
4475,4.576,0.145
4476,4.372,0.176
4477,4.300,0.254
4478,4.476,0.211
4479,4.416,0.180
4480,4.199,0.230
4481,4.262,0.195
4482,4.285,0.223
4483,4.236,0.215
4484,4.248,0.195
4485,4.182,0.168
4486,4.197,0.184
4487,4.275,0.176
4488,4.173,0.184
4489,4.294,0.188
4490,4.073,0.215
4491,4.314,0.203
4492,4.258,0.152
4493,4.235,0.195
4494,4.388,0.176
4495,4.074,0.191
4496,4.250,0.207
4497,4.391,0.176
4498,4.304,0.188
4499,4.120,0.184
4500,3.994,0.207
4501,4.259,0.195
4502,4.015,0.176
4503,4.034,0.227
4504,4.035,0.176
4505,3.901,0.184
4506,4.183,0.203
4507,4.127,0.184
4508,4.142,0.164
4509,4.030,0.184
4510,4.184,0.195
4511,4.104,0.176
4512,4.270,0.156
4513,4.118,0.176
4514,4.186,0.203
4515,4.183,0.152
4516,4.380,0.160
4517,4.111,0.180
4518,4.460,0.176
4519,4.263,0.168
4520,4.099,0.184
4521,4.189,0.168
4522,4.310,0.176
4523,4.286,0.195
4524,4.062,0.168
4525,4.251,0.156
4526,4.210,0.199
4527,4.204,0.168
4528,4.078,0.176
4529,3.760,0.234
4530,3.864,0.215
4531,3.779,0.191
4532,4.207,0.188
4533,3.946,0.223
4534,4.034,0.184
4535,4.157,0.188
4536,4.073,0.199
4537,3.968,0.203
4538,3.767,0.258
4539,3.843,0.238
4540,4.069,0.195
4541,4.159,0.199
4542,3.981,0.219
4543,4.320,0.160
4544,4.197,0.133
4545,4.112,0.160
4546,3.984,0.180
4547,4.047,0.164
4548,4.105,0.188
4549,4.167,0.176
4550,4.069,0.180
4551,4.070,0.184
4552,3.981,0.180
4553,4.166,0.180
4554,3.924,0.188
4555,3.863,0.230
4556,3.608,0.215
4557,3.871,0.207
4558,3.872,0.238
4559,3.896,0.176
4560,4.081,0.246
4561,3.880,0.219
4562,3.832,0.223
4563,3.647,0.270
4564,3.910,0.207
4565,4.034,0.199
4566,3.681,0.238
4567,3.811,0.258
4568,3.702,0.234
4569,4.103,0.172
4570,3.955,0.172
4571,3.796,0.219
4572,3.829,0.207
4573,4.161,0.180
4574,4.038,0.188
4575,4.107,0.191
4576,4.020,0.191
4577,3.810,0.234
4578,3.964,0.176
4579,3.815,0.211
4580,3.963,0.238
4581,3.810,0.207
4582,3.729,0.234
4583,3.820,0.234
4584,4.224,0.203
4585,4.108,0.195
4586,3.850,0.250
4587,4.047,0.195
4588,3.769,0.211
4589,3.895,0.211
4590,3.879,0.219
4591,4.015,0.219
4592,4.168,0.172
4593,4.141,0.180
4594,4.129,0.160
4595,4.042,0.207
4596,3.722,0.207
4597,4.157,0.168
4598,3.708,0.238
4599,4.038,0.199
4600,3.628,0.223
4601,3.906,0.188
4602,3.843,0.219
4603,3.609,0.242
4604,3.812,0.227
4605,3.911,0.176
4606,3.721,0.250
4607,3.873,0.203
4608,3.842,0.203
4609,3.856,0.207
4610,3.874,0.184
4611,3.814,0.195
4612,3.739,0.238
4613,3.942,0.223
4614,3.667,0.281
4615,3.614,0.242
4616,4.091,0.191
4617,3.864,0.223
4618,3.934,0.211
4619,3.899,0.230
4620,4.109,0.223
4621,3.838,0.230
4622,4.232,0.145
4623,3.800,0.242
4624,3.986,0.207
4625,3.949,0.250
4626,3.985,0.215
4627,4.121,0.203
4628,3.807,0.234
4629,3.803,0.285
4630,3.943,0.203
4631,3.765,0.223
4632,3.823,0.180
4633,4.074,0.234
4634,3.947,0.203
4635,3.879,0.195
4636,3.682,0.238
4637,3.864,0.219
4638,3.852,0.238
4639,4.170,0.176
4640,4.090,0.211
4641,3.874,0.250
4642,3.875,0.191
4643,4.061,0.168
4644,3.946,0.219
4645,3.768,0.234
4646,3.508,0.238
4647,4.150,0.133
4648,3.887,0.219
4649,3.486,0.258
4650,3.809,0.211
4651,3.873,0.254
4652,4.141,0.191
4653,3.747,0.262
4654,3.935,0.254
4655,3.767,0.215
4656,3.915,0.219
4657,3.796,0.227
4658,3.955,0.207
4659,3.853,0.238
4660,3.862,0.203
4661,3.737,0.258
4662,3.877,0.203
4663,3.785,0.254
4664,3.899,0.223
4665,3.812,0.223
4666,3.824,0.211
4667,3.763,0.242
4668,3.827,0.191
4669,3.686,0.250
4670,3.774,0.250
4671,3.861,0.219
4672,3.773,0.246
4673,3.898,0.219
4674,3.839,0.238
4675,3.966,0.234
4676,3.713,0.246
4677,4.154,0.230
4678,3.724,0.250
4679,3.643,0.242
4680,3.739,0.234
4681,3.622,0.250
4682,4.132,0.176
4683,3.680,0.246
4684,3.713,0.293
4685,3.850,0.219
4686,3.860,0.184
4687,3.596,0.281
4688,3.947,0.230
4689,3.707,0.246
4690,3.790,0.262
4691,3.701,0.262
4692,3.836,0.215
4693,3.629,0.246
4694,3.829,0.188
4695,3.882,0.219
4696,3.780,0.238
4697,3.943,0.230
4698,3.657,0.297
4699,3.941,0.184
4700,3.878,0.219
4701,3.826,0.215
4702,3.716,0.266
4703,4.001,0.207
4704,3.628,0.270
4705,3.866,0.223
4706,3.783,0.242
4707,3.968,0.223
4708,3.766,0.227
4709,3.763,0.207
4710,4.029,0.191
4711,3.905,0.180
4712,3.797,0.207
4713,3.832,0.258
4714,3.772,0.250
4715,3.669,0.254
4716,4.024,0.227
4717,3.741,0.250
4718,3.622,0.254
4719,3.680,0.281
4720,4.185,0.207
4721,3.900,0.227
4722,3.748,0.230
4723,3.805,0.207
4724,3.741,0.223
4725,3.961,0.238
4726,3.878,0.227
4727,3.523,0.305
4728,3.490,0.293
4729,4.003,0.191
4730,4.036,0.211
4731,3.678,0.266
4732,3.948,0.215
4733,3.550,0.258
4734,3.719,0.246
4735,4.202,0.184
4736,3.788,0.207
4737,3.729,0.293
4738,3.946,0.227
4739,3.875,0.203
4740,3.839,0.203
4741,3.750,0.223
4742,3.767,0.215
4743,3.736,0.270
4744,3.847,0.184
4745,3.980,0.211
4746,3.830,0.219
4747,3.991,0.234
4748,3.532,0.281
4749,3.976,0.234
4750,3.713,0.277
4751,3.607,0.270
4752,3.718,0.230
4753,3.835,0.211
4754,3.850,0.215
4755,3.958,0.238
4756,3.744,0.250
4757,3.726,0.230
4758,3.800,0.258
4759,3.805,0.242
4760,3.708,0.227
4761,3.765,0.242
4762,3.710,0.234
4763,3.689,0.223
4764,3.733,0.223
4765,3.569,0.234
4766,3.784,0.230
4767,3.930,0.191
4768,3.715,0.254
4769,3.648,0.254
4770,3.738,0.258
4771,3.817,0.234
4772,3.750,0.223
4773,3.837,0.223
4774,3.798,0.227
4775,3.704,0.215
4776,3.928,0.227
4777,3.950,0.215
4778,3.808,0.270
4779,3.957,0.207
4780,3.831,0.207
4781,4.043,0.242
4782,3.658,0.254
4783,4.016,0.219
4784,3.894,0.223
4785,3.878,0.184
4786,3.904,0.219
4787,3.689,0.254
4788,3.770,0.238
4789,3.875,0.223
4790,3.824,0.227
4791,3.710,0.250
4792,3.811,0.242
4793,3.933,0.246
4794,4.057,0.199
4795,3.778,0.211
4796,3.727,0.242
4797,3.590,0.254
4798,3.589,0.250
4799,3.858,0.223
4800,3.705,0.246
4801,3.893,0.242
4802,3.644,0.230
4803,3.695,0.242
4804,3.714,0.258
4805,3.705,0.297
4806,3.696,0.309
4807,3.882,0.234
4808,3.784,0.250
4809,4.113,0.191
4810,3.715,0.266
4811,3.497,0.246
4812,3.803,0.266
4813,3.781,0.262
4814,3.753,0.207
4815,4.252,0.203
4816,3.871,0.242
4817,3.815,0.246
4818,3.720,0.238
4819,3.839,0.203
4820,3.934,0.215
4821,3.680,0.238
4822,3.535,0.270
4823,3.837,0.227
4824,3.717,0.250
4825,3.840,0.262
4826,3.687,0.246
4827,3.727,0.242
4828,3.781,0.250
4829,3.734,0.227
4830,3.576,0.234
4831,3.729,0.266
4832,3.992,0.188
4833,3.817,0.238
4834,3.659,0.254
4835,3.730,0.266
4836,3.721,0.234
4837,3.692,0.266
4838,3.845,0.273
4839,3.665,0.238
4840,3.689,0.230
4841,3.848,0.191
4842,3.770,0.242
4843,3.659,0.238
4844,3.751,0.262
4845,3.680,0.219
4846,3.802,0.250
4847,3.725,0.176
4848,3.677,0.250
4849,3.845,0.230
4850,3.790,0.242
4851,3.720,0.242
4852,3.836,0.203
4853,3.965,0.207
4854,3.357,0.312
4855,3.601,0.234
4856,3.630,0.316
4857,3.661,0.242
4858,3.764,0.277
4859,3.626,0.230
4860,3.656,0.258
4861,4.011,0.219
4862,3.662,0.234
4863,3.775,0.227
4864,3.863,0.215
4865,3.594,0.254
4866,3.681,0.227
4867,3.715,0.230
4868,3.537,0.273
4869,3.336,0.297
4870,3.922,0.215
4871,3.727,0.266
4872,3.641,0.285
4873,3.782,0.215
4874,3.806,0.215
4875,3.867,0.230
4876,3.461,0.281
4877,3.850,0.207
4878,3.615,0.258
4879,3.573,0.227
4880,3.735,0.254
4881,4.238,0.188
4882,3.738,0.258
4883,4.030,0.199
4884,3.861,0.246
4885,3.893,0.254
4886,4.008,0.230
4887,3.865,0.223
4888,3.785,0.281
4889,3.945,0.219
4890,3.527,0.285
4891,3.791,0.211
4892,3.800,0.230
4893,3.778,0.270
4894,3.689,0.273
4895,3.832,0.238
4896,3.766,0.242
4897,3.715,0.234
4898,3.850,0.250
4899,3.867,0.238
4900,3.823,0.227
4901,3.388,0.305
4902,3.622,0.273
4903,3.692,0.266
4904,3.806,0.246
4905,3.803,0.250
4906,3.621,0.270
4907,3.402,0.301
4908,3.793,0.242
4909,3.641,0.223
4910,3.743,0.234
4911,3.436,0.297
4912,3.533,0.262
4913,3.798,0.219
4914,3.660,0.270
4915,3.694,0.234
4916,3.658,0.266
4917,3.681,0.277
4918,3.759,0.219
4919,3.752,0.250
4920,3.692,0.242
4921,3.720,0.246
4922,3.733,0.258
4923,3.488,0.262
4924,3.751,0.227
4925,3.607,0.219
4926,3.806,0.254
4927,3.500,0.242
4928,3.524,0.254
4929,3.671,0.203
4930,3.735,0.250
4931,3.700,0.258
4932,3.522,0.242
4933,3.810,0.227
4934,3.638,0.273
4935,3.723,0.242
4936,4.027,0.230
4937,3.601,0.254
4938,3.668,0.273
4939,3.951,0.188
4940,3.849,0.215
4941,3.742,0.254
4942,3.866,0.215
4943,3.863,0.242
4944,3.642,0.262
4945,3.829,0.219
4946,3.587,0.293
4947,3.808,0.246
4948,3.628,0.254
4949,3.647,0.246
4950,3.547,0.281
4951,3.550,0.227
4952,3.672,0.234
4953,3.723,0.254
4954,3.648,0.293
4955,3.698,0.266
4956,3.661,0.207
4957,3.541,0.266
4958,3.649,0.262
4959,3.576,0.242
4960,3.831,0.258
4961,3.760,0.258
4962,3.687,0.246
4963,3.581,0.242
4964,3.868,0.211
4965,3.699,0.234
4966,3.524,0.305
4967,3.680,0.227
4968,3.523,0.270
4969,3.725,0.273
4970,3.786,0.285
4971,3.856,0.246
4972,3.896,0.238
4973,3.947,0.223
4974,3.778,0.238
4975,3.672,0.242
4976,3.646,0.262
4977,3.598,0.246
4978,3.802,0.188
4979,3.977,0.199
4980,3.548,0.266
4981,3.805,0.250
4982,3.540,0.289
4983,3.694,0.234
4984,3.613,0.277
4985,3.711,0.277
4986,3.626,0.246
4987,3.584,0.270
4988,3.867,0.223
4989,3.731,0.246
4990,3.587,0.285
4991,3.827,0.230
4992,3.614,0.203
4993,3.554,0.254
4994,3.421,0.297
4995,3.946,0.195
4996,3.505,0.281
4997,3.755,0.270
4998,3.719,0.250
4999,3.633,0.246
5000,3.789,0.246
5001,3.593,0.277
5002,3.628,0.277
5003,3.738,0.203
5004,3.910,0.211
